session ID,item ID
292,168313
292,156291
14,179737
14,3272
680,236387
680,96085
888,130122
888,196080
379,236388
379,236389
465,236390
465,236391
467,54287
467,227497
173,168225
173,16970
179,133261
179,193578
960,186044
960,138973
287,35995
287,168292
941,214005
941,227154
664,7933
664,236392
260,194690
260,217468
279,236393
279,96885
469,192909
469,236394
212,70942
212,200910
175,101242
175,40552
450,100109
450,39370
210,4982
210,198806
333,5189
333,106682
838,65468
838,212386
91,231507
91,193613
350,98120
350,158104
309,13942
309,88272
302,167786
302,236395
617,236396
617,119152
617,183323
514,17583
514,85199
514,49399
878,177950
878,223744
878,201274
207,90214
207,136314
207,33945
429,127394
429,236397
429,198366
562,102140
562,213394
562,10108
238,236398
238,126421
238,5748
325,228530
325,143255
325,236399
275,192727
275,35210
275,142926
601,46955
601,34753
601,117737
578,236400
578,150071
578,170834
487,140249
487,7009
487,146988
48,226849
48,52328
48,167353
300,163129
300,165314
300,226104
163,17757
163,74530
163,188746
706,91247
706,22420
706,37369
644,114468
644,20337
644,189403
129,165034
129,130311
129,226967
390,67581
390,71320
390,121050
134,236401
134,175524
134,2227
929,33828
929,236402
929,25484
542,80791
542,59128
542,62
608,155596
608,3356
608,149252
24,33074
24,227994
24,100303
443,234607
443,233560
443,119455
39,41272
39,149452
39,97986
82,141787
82,15424
82,90260
937,231069
937,130104
937,162348
737,64340
737,141703
737,180675
419,236403
419,166350
419,147893
641,157526
641,152002
641,62360
789,175064
789,25488
789,223169
70,7226
70,61912
70,114292
105,176753
105,52152
105,236404
262,39716
262,103005
262,132471
575,129508
575,236405
575,15261
511,23443
511,236406
511,187860
505,236407
505,179358
505,236408
366,72133
366,48090
366,163668
453,198099
453,101390
453,9454
299,19858
299,83407
299,159994
624,34119
624,236409
624,207026
618,236410
618,47859
618,136710
861,58124
861,236411
861,236412
861,236413
462,36974
462,21721
462,71551
462,176084
281,44341
281,16937
281,104886
281,179913
437,127962
437,189223
437,236414
437,236415
75,236416
75,205241
75,126313
75,166349
956,94056
956,12881
956,236417
956,162278
587,59067
587,216136
587,199718
587,29700
899,174585
899,236418
899,148706
899,181814
164,236419
164,96724
164,236420
164,38015
132,236421
132,93801
132,181632
132,92290
148,126203
148,102458
148,15833
148,223316
85,134504
85,42381
85,139640
85,110894
864,211247
864,49954
864,119615
864,158831
188,194196
188,185094
188,107008
188,203412
135,8606
135,236422
135,56420
135,75637
804,236423
804,186693
804,58184
804,49963
193,236424
193,199944
193,144354
193,219960
809,184878
809,156148
809,160418
809,230095
249,65023
249,236425
249,152668
249,136489
324,97311
324,236426
324,105887
324,148745
223,76336
223,236427
223,50253
223,220477
199,236428
199,201721
199,88333
199,48053
547,131191
547,71480
547,11861
547,8078
756,236429
756,35013
756,30665
756,169129
634,236430
634,148938
634,69300
634,236431
99,220946
99,200193
99,56223
99,165336
568,236432
568,20714
568,236433
568,230070
480,125338
480,134423
480,236434
480,150045
98,210386
98,228140
98,16123
98,162378
495,66288
495,50522
495,48116
495,103033
106,56280
106,202052
106,218072
106,81718
219,48513
219,189501
219,135372
219,88585
356,17112
356,230563
356,111033
356,236435
349,195438
349,229220
349,143454
349,190086
908,236436
908,187076
908,222788
908,159909
750,236437
750,236438
750,85507
750,70407
311,236439
311,230032
311,108104
311,190017
950,147235
950,141603
950,158776
950,236440
754,142667
754,178011
754,102338
754,141033
611,187036
611,227516
611,168367
611,219342
133,236441
133,236442
133,236443
133,236444
683,187846
683,142582
683,129744
683,68343
400,46954
400,236445
400,44628
400,131496
751,881
751,236446
751,108290
751,236447
705,228559
705,236448
705,236449
705,165784
840,109545
840,151149
840,187907
840,216333
352,127221
352,91981
352,2366
352,32188
749,174965
749,142203
749,43193
749,150507
7,236450
7,74845
7,19991
7,236451
716,187432
716,102670
716,142688
716,8786
485,67243
485,149463
485,83647
485,80778
707,213910
707,171176
707,236452
707,236453
707,236454
348,203972
348,134173
348,235723
348,23985
348,236455
439,20227
439,236456
439,180090
439,84523
439,113536
226,97415
226,31719
226,236457
226,184555
226,77099
710,20792
710,81456
710,127565
710,137701
710,236458
494,236459
494,236460
494,67240
494,236461
494,194036
81,8192
81,108285
81,236462
81,34610
81,159956
842,192091
842,139018
842,180314
842,200112
842,236463
507,113721
507,21883
507,191025
507,28875
507,148720
843,157624
843,178939
843,215624
843,39022
843,236464
834,236465
834,172511
834,236466
834,236467
834,236468
529,2488
529,218474
529,48369
529,74307
529,236469
784,184691
784,9518
784,68572
784,39777
784,236470
880,236471
880,229727
880,236472
880,57932
880,113721
341,127044
341,41128
341,195314
341,236473
341,149698
702,236474
702,93546
702,236475
702,93584
702,93731
685,105329
685,110550
685,236476
685,164348
685,186157
392,59633
392,99647
392,207452
392,178727
392,104430
857,129200
857,177655
857,17783
857,114756
857,147547
218,78625
218,216458
218,105434
218,236477
218,88046
938,123511
938,47216
938,49793
938,96341
938,236478
338,117737
338,222343
338,33518
338,199986
338,236479
612,236480
612,24787
612,54515
612,93177
612,120329
34,104935
34,65604
34,74174
34,116115
34,102085
939,43330
939,160823
939,199244
939,66290
939,2202
552,125149
552,108063
552,236481
552,119185
552,166197
498,236482
498,198058
498,193639
498,236483
498,105654
12,167195
12,222255
12,104994
12,16051
12,129133
310,120706
310,236484
310,168997
310,60538
310,120615
814,211725
814,16071
814,6211
814,220869
814,134077
398,64565
398,35142
398,110165
398,3091
398,40450
196,161451
196,114837
196,3699
196,227459
196,83569
138,143789
138,218223
138,33887
138,139055
138,236485
96,172862
96,17860
96,157826
96,159904
96,9395
293,95792
293,236486
293,32522
293,32066
293,236487
319,16471
319,142606
319,38058
319,236488
319,236489
258,236490
258,236491
258,236492
258,109934
258,31970
151,110870
151,21596
151,236493
151,236494
151,223505
8,126634
8,182281
8,86063
8,155062
8,71382
192,170641
192,193660
192,34557
192,187556
192,111746
676,151474
676,33760
676,210505
676,204024
676,77648
599,70498
599,62123
599,11219
599,233370
599,52969
298,135653
298,46327
298,80299
298,166968
298,101718
80,8638
80,22154
80,139301
80,233332
80,17767
407,235163
407,26072
407,85108
407,211549
407,106849
55,236495
55,180422
55,236496
55,236497
55,236498
31,125509
31,164931
31,134322
31,88820
31,11363
412,87404
412,172288
412,63273
412,236499
412,85713
722,236500
722,206103
722,60516
722,145924
722,236501
945,202052
945,68756
945,217406
945,136862
945,44829
856,178359
856,31855
856,93627
856,44802
856,236502
775,236503
775,114138
775,76181
775,210249
775,62177
165,184501
165,153184
165,192479
165,161648
165,232969
825,78461
825,236504
825,194281
825,198480
825,138938
726,236505
726,236506
726,236507
726,36820
726,209784
590,121650
590,236508
590,6413
590,44649
590,43890
257,70621
257,236509
257,60765
257,144339
257,219294
257,236510
30,236511
30,147016
30,190412
30,211902
30,796
30,43116
860,112880
860,7310
860,140582
860,83712
860,200688
860,236512
271,73878
271,106745
271,27445
271,220047
271,185249
271,236513
674,153349
674,236514
674,162987
674,236515
674,222768
674,152768
874,184276
874,221340
874,236516
874,138363
874,23286
874,236517
697,76838
697,195748
697,41856
697,130662
697,61665
697,143187
727,126699
727,236518
727,39307
727,100991
727,126612
727,147032
920,185609
920,215386
920,236519
920,207520
920,33972
920,236520
598,157531
598,45017
598,169696
598,236521
598,157625
598,74603
684,236522
684,51325
684,231175
684,236523
684,236524
684,165972
21,160851
21,212173
21,27690
21,118998
21,129779
21,168037
719,97633
719,236525
719,183019
719,210326
719,202257
719,125557
208,155851
208,76091
208,193018
208,102108
208,177008
208,236526
563,189578
563,220405
563,212588
563,8149
563,12136
563,214345
304,236527
304,236528
304,99605
304,236529
304,236530
304,236531
245,236532
245,148887
245,236533
245,146301
245,101628
245,219164
448,213229
448,63140
448,118882
448,47038
448,12606
448,116037
581,26580
581,236534
581,30203
581,29192
581,236535
581,236536
1,233348
1,73281
1,185268
1,34877
1,43086
1,236537
459,236538
459,166372
459,141572
459,236539
459,222754
459,190214
72,133067
72,145997
72,127785
72,194438
72,1736
72,232815
265,135544
265,34664
265,175244
265,182471
265,70535
265,52681
597,187724
597,195960
597,189501
597,236540
597,236541
597,175300
948,83489
948,15077
948,204840
948,118621
948,1344
948,177658
351,47424
351,236542
351,200968
351,155410
351,236543
351,133180
87,117092
87,207013
87,58613
87,39850
87,138313
87,236544
714,236545
714,27204
714,48726
714,32882
714,206130
714,236546
33,230819
33,89432
33,236547
33,236548
33,121329
33,125930
546,162804
546,115900
546,30082
546,166629
546,235419
546,114027
471,73541
471,236549
471,205531
471,216113
471,154051
471,236550
45,157626
45,69395
45,208922
45,214850
45,111830
45,127107
659,233906
659,234876
659,234846
659,123029
659,11093
659,125430
387,40417
387,236551
387,34560
387,236552
387,236553
387,236554
150,24314
150,221955
150,186347
150,98205
150,147234
150,60632
36,230945
36,64395
36,198361
36,27544
36,48400
36,166105
340,72279
340,66202
340,232718
340,138338
340,37220
340,86411
140,236555
140,175747
140,61615
140,141255
140,122749
140,236556
748,236557
748,236558
748,236559
748,52991
748,207286
748,207438
533,92491
533,185412
533,69795
533,236560
533,225873
533,164421
84,123819
84,144988
84,159467
84,203236
84,149469
84,229953
523,117957
523,203598
523,153506
523,56609
523,197666
523,223329
122,210771
122,236561
122,235188
122,191598
122,98158
122,236562
228,236563
228,27519
228,105936
228,86356
228,208922
228,202937
661,198677
661,6764
661,21321
661,153804
661,126574
661,81718
305,236564
305,236565
305,172724
305,65689
305,193406
305,105769
829,129589
829,53236
829,53076
829,236566
829,112227
829,61648
272,199008
272,207516
272,112973
272,235604
272,236567
272,163761
478,35900
478,192231
478,73411
478,122075
478,225874
478,226647
358,132505
358,148012
358,236568
358,236569
358,236570
358,83828
882,206541
882,166665
882,200688
882,236571
882,90365
882,27855
531,189855
531,95505
531,123
531,119737
531,28550
531,214251
500,67641
500,236572
500,232158
500,214480
500,22998
500,227229
124,180277
124,216440
124,180086
124,167180
124,80337
124,106354
724,58589
724,75206
724,82285
724,141693
724,99215
724,108622
724,206561
851,236573
851,14328
851,218364
851,236574
851,177398
851,223990
851,236575
284,182132
284,92123
284,43151
284,41655
284,102321
284,236576
284,159439
600,236577
600,236578
600,102401
600,236579
600,186251
600,236580
600,131112
779,236581
779,168684
779,236582
779,236583
779,236584
779,158563
779,71417
86,236585
86,45949
86,77303
86,3316
86,6161
86,34470
86,236586
602,694
602,31492
602,221999
602,236587
602,114087
602,236588
602,234
475,8863
475,10081
475,79573
475,230303
475,227154
475,59205
475,163109
538,108548
538,154161
538,16185
538,28105
538,154741
538,54703
538,59224
479,236589
479,187958
479,163699
479,181488
479,236590
479,24936
479,47661
470,94070
470,216664
470,83519
470,236591
470,236592
470,236593
470,236594
15,207438
15,52732
15,29826
15,175601
15,144897
15,81578
15,171361
201,195649
201,236595
201,109287
201,167479
201,101750
201,134793
201,233837
288,236596
288,95417
288,13006
288,225573
288,236597
288,222928
288,236598
545,151945
545,41093
545,6268
545,41892
545,197100
545,44402
545,173578
671,205391
671,29688
671,7213
671,219352
671,125397
671,111198
671,124845
216,22036
216,47839
216,106464
216,163314
216,173302
216,236599
216,13211
200,115099
200,232208
200,236600
200,120072
200,96904
200,124556
200,116725
116,165693
116,110628
116,202361
116,178059
116,12971
116,122507
116,136966
261,236601
261,227070
261,236602
261,71521
261,22036
261,37926
261,20081
145,236603
145,143098
145,64884
145,64085
145,31437
145,233476
145,236604
513,111198
513,81321
513,166491
513,101882
513,163314
513,109693
513,14759
572,236605
572,236606
572,213742
572,152318
572,203289
572,236607
572,228501
539,215575
539,152743
539,91698
539,32849
539,8100
539,209396
539,164714
560,139067
560,233707
560,62449
560,212100
560,6320
560,10510
560,127603
778,134800
778,89392
778,193820
778,54302
778,226066
778,170568
778,152286
195,126526
195,64025
195,91613
195,33924
195,227329
195,46823
195,99175
670,236608
670,135673
670,202131
670,236609
670,215124
670,139315
670,236610
745,186653
745,141774
745,22036
745,34377
745,233666
745,125430
745,226027
817,156214
817,236611
817,36811
817,236612
817,236613
817,215008
817,146518
826,31010
826,81577
826,223107
826,190279
826,82425
826,1344
826,203779
152,234531
152,220815
152,124106
152,236614
152,236615
152,236616
152,17024
626,165707
626,236617
626,131054
626,112068
626,114027
626,211537
626,169194
285,118787
285,182666
285,236618
285,187393
285,220253
285,103534
285,78509
10,204906
10,175566
10,161552
10,173714
10,206029
10,44834
10,203037
382,112418
382,121654
382,168379
382,55224
382,72809
382,66822
382,8573
385,167997
385,76387
385,189041
385,29992
385,5475
385,102901
385,179106
230,60257
230,236619
230,236620
230,24210
230,236621
230,29914
230,34755
805,28601
805,37499
805,111909
805,22619
805,48862
805,40035
805,192147
526,151098
526,236622
526,52299
526,236623
526,71353
526,49249
526,236624
43,36911
43,31016
43,117778
43,236625
43,5568
43,179527
43,106698
423,166319
423,206844
423,147357
423,225261
423,45526
423,212899
423,135980
928,107564
928,77550
928,142351
928,203902
928,28653
928,110535
928,236626
892,14927
892,137727
892,236627
892,113355
892,209669
892,108847
892,223079
816,98462
816,224250
816,116630
816,52228
816,73514
816,79298
816,155526
198,48588
198,142582
198,14528
198,174740
198,54356
198,89100
198,174655
280,87377
280,180145
280,167151
280,140017
280,128278
280,42642
280,187213
4,104147
4,95595
4,103500
4,236628
4,94880
4,236629
4,46914
357,158222
357,133023
357,236630
357,217663
357,82005
357,26878
357,188812
360,139413
360,236631
360,92580
360,2108
360,181610
360,119401
360,234377
359,164183
359,236632
359,65025
359,236633
359,31683
359,32216
359,73128
904,236634
904,94857
904,129849
904,236635
904,236636
904,136819
904,236637
16,61384
16,39834
16,172359
16,190996
16,206816
16,236638
16,122499
345,70727
345,181323
345,86366
345,81970
345,130738
345,138342
345,136224
125,235736
125,236639
125,88378
125,236640
125,76467
125,17308
125,236641
174,39250
174,29493
174,236642
174,46955
174,59428
174,109640
174,132450
654,140371
654,236643
654,206792
654,236644
654,236645
654,236646
654,236134
654,236647
522,202690
522,43334
522,131704
522,25276
522,56690
522,82600
522,39811
522,45975
528,236648
528,138481
528,236649
528,236650
528,43237
528,204971
528,35524
528,91910
194,210911
194,236651
194,141960
194,93942
194,5629
194,67385
194,172970
194,32422
123,87010
123,233023
123,134503
123,236652
123,49625
123,236653
123,236654
123,7638
167,180880
167,70725
167,22521
167,201139
167,147087
167,150565
167,167406
167,53573
786,200277
786,236655
786,236656
786,236657
786,115321
786,214586
786,86110
786,73328
373,80249
373,42391
373,148520
373,131398
373,99560
373,200276
373,143628
373,115028
512,60352
512,179878
512,52053
512,203423
512,236658
512,236659
512,234794
512,20336
428,46170
428,236660
428,236661
428,90954
428,97145
428,236662
428,214676
428,73901
742,87650
742,165620
742,75464
742,51874
742,190208
742,93315
742,63357
742,24956
369,172991
369,227301
369,152905
369,151271
369,1344
369,20613
369,71040
369,185980
629,121147
629,110448
629,101667
629,468
629,115386
629,152854
629,119467
629,187573
128,152905
128,161349
128,67641
128,173119
128,225319
128,132279
128,120107
128,163362
695,236663
695,236664
695,236665
695,236666
695,236667
695,31933
695,82279
695,236668
53,171200
53,185049
53,235120
53,80243
53,156609
53,236669
53,236670
53,91193
425,156081
425,74640
425,84771
425,236671
425,54356
425,179276
425,42221
425,138810
666,141788
666,236672
666,236673
666,86640
666,210573
666,62655
666,123572
666,236674
418,178600
418,23116
418,197821
418,8986
418,71717
418,9302
418,122197
418,57419
665,18137
665,168802
665,14440
665,236675
665,236676
665,236677
665,93247
665,19260
457,141302
457,23216
457,90349
457,236678
457,12065
457,83754
457,130567
457,213152
60,89234
60,143150
60,236679
60,47859
60,98902
60,125702
60,205907
60,10062
233,183036
233,44485
233,236680
233,197817
233,236681
233,21772
233,179974
233,232060
432,111557
432,236682
432,67092
432,206458
432,9252
432,100139
432,150864
432,236683
455,171987
455,177658
455,124716
455,49115
455,134129
455,100999
455,236684
455,126391
40,16514
40,236685
40,173779
40,168220
40,103204
40,236686
40,197003
40,236687
474,59304
474,54263
474,221513
474,84701
474,183067
474,82936
474,193488
474,25833
627,88570
627,96916
627,95342
627,14924
627,18774
627,102950
627,73297
627,95419
574,230807
574,236688
574,236689
574,236690
574,212472
574,43625
574,147981
574,81321
57,84718
57,22240
57,115643
57,204128
57,236691
57,109708
57,2179
57,236692
240,236693
240,127915
240,236694
240,207402
240,141740
240,236695
240,236696
240,236697
241,211840
241,64884
241,201745
241,14706
241,148720
241,86324
241,159392
241,45134
833,28588
833,236698
833,84892
833,236699
833,13509
833,113785
833,236700
833,25113
431,3462
431,236701
431,232613
431,194972
431,47720
431,33049
431,46770
431,159689
849,97185
849,178360
849,236702
849,113654
849,5039
849,224122
849,236703
849,20668
579,159311
579,236704
579,89175
579,123678
579,181414
579,50741
579,81168
579,236705
202,69836
202,47929
202,236706
202,62717
202,38698
202,8266
202,85139
202,216107
95,10291
95,1231
95,23414
95,187845
95,27758
95,60858
95,10092
95,210346
52,179923
52,219592
52,77538
52,124824
52,52250
52,108856
52,165927
52,23209
343,234831
343,180386
343,69810
343,36541
343,177969
343,178391
343,39438
343,168525
914,236077
914,236707
914,236708
914,219819
914,236709
914,236710
914,100236
914,236711
914,7538
215,17543
215,91607
215,232869
215,236712
215,52904
215,236713
215,24979
215,137061
215,236714
540,171396
540,229117
540,195207
540,217164
540,133904
540,52118
540,201697
540,23409
540,236715
753,236716
753,63735
753,236717
753,147774
753,236212
753,10832
753,20087
753,236718
753,208203
614,119609
614,73318
614,55573
614,149360
614,163342
614,3719
614,85617
614,236719
614,132396
65,40924
65,101618
65,137094
65,96674
65,144896
65,81015
65,3217
65,21797
65,210283
66,16839
66,235913
66,19208
66,166472
66,54252
66,236720
66,236721
66,121695
66,108080
660,78698
660,236722
660,152849
660,91944
660,137858
660,236723
660,124166
660,204947
660,204703
951,16530
951,228570
951,217223
951,212112
951,78914
951,236724
951,175669
951,58609
951,102304
416,122793
416,177996
416,236725
416,162907
416,189183
416,225261
416,236726
416,233634
416,182044
388,203550
388,112925
388,236727
388,50759
388,1398
388,159539
388,236728
388,223377
388,88246
734,145601
734,90003
734,216607
734,98254
734,48704
734,236729
734,6290
734,71786
734,167416
408,197590
408,189010
408,136943
408,236730
408,202418
408,112189
408,72981
408,22349
408,135657
859,119016
859,72935
859,236731
859,9423
859,118243
859,170112
859,236732
859,236733
859,97949
2,236734
2,226967
2,236735
2,56426
2,82351
2,68273
2,196011
2,236736
2,158452
277,172496
277,54970
277,68484
277,163415
277,236737
277,204207
277,235432
277,83576
277,217558
307,194570
307,236738
307,170810
307,205956
307,228599
307,211401
307,225119
307,225745
307,51140
67,56032
67,236739
67,236740
67,236741
67,148463
67,199111
67,236742
67,54534
67,45573
890,236743
890,141824
890,236744
890,38640
890,6128
890,74263
890,175446
890,43806
890,9677
763,143436
763,222931
763,25367
763,227728
763,132699
763,180883
763,129836
763,125607
763,222159
376,23919
376,133232
376,230570
376,193399
376,210115
376,17354
376,156809
376,202980
376,181345
564,34038
564,187582
564,204940
564,78687
564,125353
564,202482
564,232522
564,101902
564,69354
893,235
893,216744
893,59015
893,101593
893,236745
893,159862
893,186589
893,104215
893,236746
54,41916
54,215520
54,5328
54,236747
54,4568
54,211749
54,236748
54,84640
54,236749
583,154087
583,208827
583,201791
583,80144
583,108426
583,236750
583,154185
583,145447
583,40297
317,91868
317,190220
317,236751
317,185006
317,178679
317,11829
317,236752
317,82528
317,25634
703,69797
703,204940
703,236753
703,83921
703,168129
703,208399
703,236754
703,236755
703,96711
553,208865
553,23379
553,236756
553,180526
553,195098
553,86177
553,192201
553,236757
553,55769
577,228091
577,236758
577,102958
577,236759
577,134530
577,236760
577,25626
577,8711
577,75961
891,97532
891,167486
891,165662
891,8101
891,23467
891,94468
891,45830
891,236761
891,117469
642,236762
642,120294
642,93126
642,160710
642,167083
642,236763
642,36512
642,236764
642,105300
846,236765
846,205094
846,62672
846,230510
846,236766
846,213506
846,236767
846,236768
846,236769
650,35530
650,17905
650,236770
650,204329
650,236771
650,145717
650,39773
650,79927
650,185573
791,236772
791,129700
791,19717
791,190841
791,236773
791,221497
791,166901
791,166599
791,236774
915,59344
915,68450
915,177019
915,236775
915,15027
915,131461
915,129262
915,23678
915,236776
759,216399
759,71773
759,132826
759,200186
759,171269
759,236777
759,60413
759,236778
759,160201
118,36741
118,80058
118,52597
118,180325
118,175740
118,64309
118,236779
118,236780
118,221803
965,179855
965,236781
965,20679
965,148508
965,202610
965,93030
965,183294
965,214490
965,156659
446,1487
446,236782
446,100042
446,49249
446,80703
446,115811
446,191080
446,95677
446,167008
214,27847
214,236783
214,236784
214,148509
214,236785
214,117863
214,236786
214,236787
214,220253
214,236788
694,62488
694,103414
694,98788
694,234385
694,236789
694,235438
694,145447
694,59145
694,236790
694,179801
673,236791
673,9819
673,184395
673,236792
673,185209
673,236793
673,193885
673,182428
673,91052
673,70121
236,148120
236,18076
236,112646
236,236794
236,15119
236,236795
236,236796
236,236797
236,45632
236,236798
712,218374
712,36678
712,7157
712,213351
712,194036
712,236799
712,236800
712,53005
712,226489
712,236801
364,190305
364,217468
364,236802
364,77302
364,236803
364,120575
364,169783
364,236804
364,15636
364,236805
493,44925
493,174
493,236806
493,109497
493,194336
493,52357
493,236807
493,44644
493,162860
493,236808
346,116468
346,108522
346,189132
346,35137
346,42800
346,155880
346,143201
346,225261
346,236809
346,171305
812,3144
812,235529
812,33234
812,194339
812,145073
812,236077
812,78678
812,75996
812,102574
812,236810
770,65634
770,52304
770,236811
770,236812
770,236813
770,162804
770,122789
770,180098
770,184573
770,92754
755,134135
755,166199
755,217204
755,213621
755,209314
755,1896
755,236814
755,93864
755,236815
755,236816
35,5383
35,190797
35,62601
35,45431
35,155335
35,118361
35,42141
35,236817
35,62606
35,155403
296,180610
296,185112
296,43609
296,185287
296,105509
296,98204
296,236818
296,57183
296,236819
296,236820
243,113460
243,236821
243,210197
243,178030
243,148372
243,77320
243,90753
243,218362
243,176327
243,152905
160,150086
160,114711
160,170481
160,233494
160,146832
160,85596
160,44982
160,195392
160,236822
160,233111
769,154765
769,236823
769,72881
769,36962
769,26137
769,8486
769,43878
769,233968
769,110155
769,186746
696,180577
696,114606
696,21956
696,236824
696,220519
696,173240
696,236825
696,236826
696,113806
696,236827
957,157380
957,104337
957,222795
957,236828
957,193721
957,236829
957,236830
957,203327
957,121240
957,177492
37,173305
37,183073
37,234631
37,34719
37,118621
37,166491
37,87291
37,68343
37,33789
37,95030
127,110165
127,227428
127,187461
127,15900
127,210206
127,236831
127,214191
127,213727
127,105203
127,36578
918,236832
918,134509
918,59960
918,43220
918,111237
918,51766
918,236833
918,113552
918,27181
918,85351
58,236834
58,120803
58,236835
58,225751
58,96957
58,95884
58,63455
58,200857
58,236836
58,150929
959,18122
959,198418
959,71058
959,189512
959,190848
959,87107
959,126140
959,79116
959,157803
959,193397
213,30046
213,905
213,101488
213,156517
213,153359
213,104278
213,167868
213,199231
213,220137
213,16699
290,84546
290,157581
290,199217
290,175584
290,52454
290,178057
290,76100
290,97190
290,27767
290,161586
444,107074
444,221084
444,236837
444,236838
444,236839
444,206752
444,236840
444,233666
444,146314
444,213620
259,76697
259,9838
259,100954
259,221456
259,138940
259,79569
259,35954
259,208598
259,111489
259,153513
242,82960
242,192147
242,174572
242,62267
242,218986
242,173369
242,219799
242,78008
242,223657
242,31587
489,138059
489,128161
489,72881
489,101242
489,154024
489,236841
489,207593
489,157019
489,50229
489,53342
736,236842
736,81445
736,25528
736,349
736,46741
736,21574
736,185311
736,236843
736,38459
736,194194
635,2561
635,79650
635,225889
635,223515
635,136704
635,51452
635,66195
635,84707
635,151985
635,96617
246,184887
246,76091
246,47510
246,100249
246,217349
246,188834
246,62184
246,130122
246,104155
246,236844
896,215844
896,216094
896,103057
896,54636
896,191269
896,156292
896,146120
896,69775
896,212173
896,7235
253,197862
253,236845
253,236846
253,34921
253,102583
253,236847
253,86324
253,101622
253,34088
253,236848
334,236849
334,230476
334,46787
334,101882
334,37673
334,39778
334,149252
334,175506
334,148132
334,205097
548,23304
548,72191
548,172330
548,70725
548,152981
548,233348
548,145171
548,236850
548,1816
548,236851
209,236852
209,118953
209,116426
209,236853
209,136369
209,93285
209,236854
209,127385
209,156257
209,53544
848,206280
848,952
848,236855
848,44541
848,236856
848,209805
848,56857
848,46134
848,14738
848,80939
852,10373
852,8995
278,148720
278,236857
79,91632
79,68756
947,66131
947,208763
322,34750
322,117119
765,203314
765,225453
544,203821
544,132593
943,220991
943,19751
681,158517
681,153628
94,148467
94,32976
183,38242
183,70832
427,44286
427,92610
380,166142
380,39606
502,176450
502,121790
704,236858
704,155423
708,95624
708,166385
153,159738
153,88181
6,181884
6,76339
902,60987
902,154356
115,176682
115,53797
652,64828
652,107257
944,121378
944,185282
182,203314
182,25975
885,34212
885,74895
401,144733
401,156267
401,236859
77,186832
77,77817
77,211148
802,194584
802,71323
802,97411
438,88642
438,190386
438,219979
468,108158
468,9909
468,236860
549,236861
549,236862
549,236863
780,236864
780,236865
780,34499
420,49625
420,180939
420,232870
927,81057
927,236866
927,236867
389,22458
389,115228
389,64827
758,227940
758,179195
758,217138
331,190888
331,59886
331,94992
476,217709
476,236868
476,30608
368,100940
368,164053
368,42052
740,14861
740,196243
740,236869
378,52220
378,74654
378,23657
191,60028
191,236870
191,159778
733,114241
733,65432
733,26150
898,186043
898,154924
898,231337
424,81148
424,16401
424,101266
13,200573
13,128111
13,236871
397,236872
397,85892
397,150709
689,232591
689,217626
689,16025
792,236873
792,156736
792,236874
283,138318
283,47210
283,94879
606,111766
606,37560
606,236875
766,1455
766,14918
766,126339
83,109983
83,131659
83,154933
700,236876
700,33312
700,236877
773,68678
773,209704
773,84512
17,200280
17,172564
17,105480
274,42960
274,15004
274,236878
735,96736
735,48369
735,187159
383,223485
383,236879
383,236880
403,78170
403,61217
403,2515
621,209334
621,131570
621,67616
104,191640
104,142512
104,62781
433,236881
433,84193
433,101732
440,235222
440,159501
440,75382
869,236882
869,26239
869,177357
101,173808
101,236883
101,53821
686,184555
686,236884
686,64225
686,236885
757,185172
757,15050
757,220245
757,226217
509,170286
509,135640
509,129309
509,147152
677,48611
677,143153
677,52381
677,180960
303,158320
303,228272
303,233720
303,86671
269,147264
269,211804
269,133643
269,112149
741,90553
741,40321
741,42141
741,236886
954,174871
954,97720
954,20909
954,1991
59,236887
59,44504
59,148588
59,139711
289,62743
289,132446
289,200758
289,170937
426,236888
426,33927
426,65602
426,236889
952,156160
952,180992
952,184101
952,167901
362,183710
362,236890
362,181933
362,132868
810,232004
810,236891
810,97784
810,70328
396,236892
396,148489
396,236893
396,236894
651,94224
651,188920
651,236895
651,200405
593,236896
593,236897
593,236898
593,118789
42,124288
42,26413
42,57659
42,195438
603,70871
603,88559
603,227827
603,72438
828,161381
828,204479
828,47260
828,13817
393,124154
393,55653
393,236899
393,52701
62,59870
62,223922
62,166629
62,235978
330,156229
330,236900
330,112896
330,205426
881,134652
881,236901
881,101000
881,236902
610,70716
610,192177
610,236903
610,31229
570,113926
570,56793
570,217350
570,236904
808,43628
808,102581
808,155302
808,236905
827,64149
827,233626
827,236906
827,53568
535,137905
535,84204
535,223789
535,51873
180,161244
180,218072
180,2404
180,171716
966,228768
966,235175
966,154507
966,236907
787,27023
787,120433
787,231666
787,13266
237,195841
237,118241
237,116164
237,57846
788,87958
788,68072
788,142192
788,217302
953,149750
953,223287
953,43543
953,211740
519,139232
519,236908
519,63566
519,2231
162,187518
162,200545
162,101990
162,47659
76,63703
76,168158
76,84617
76,107466
663,207452
663,236909
663,227254
663,236910
682,28832
682,100776
682,87167
682,104468
434,236911
434,55591
434,80707
434,236912
678,22036
678,131794
678,52228
678,46942
955,89932
955,98153
955,124234
955,43301
839,227898
839,236913
839,236914
839,22304
839,63495
543,157854
543,190121
543,166108
543,139093
543,65977
483,83483
483,90518
483,236915
483,121848
483,236916
321,10200
321,27434
321,173713
321,70541
321,42075
731,236917
731,228587
731,17119
731,55341
731,72520
797,236918
797,236919
797,65652
797,186183
797,158990
701,236920
701,236921
701,236922
701,236923
701,162109
442,79670
442,59788
442,6797
442,61203
442,128032
22,135271
22,236924
22,236925
22,236926
22,236927
886,56566
886,120974
886,51798
886,41958
886,127338
100,236928
100,236929
100,236930
100,236931
100,236932
636,159161
636,236933
636,107673
636,123100
636,98196
337,224664
337,43733
337,218629
337,190541
337,125979
785,54598
785,57250
785,220171
785,198217
785,109384
815,64500
815,158774
815,169438
815,236934
815,46123
394,193952
394,200878
394,135950
394,32455
394,20417
794,57027
794,10743
794,36717
794,68124
794,47440
217,199398
217,165339
217,74337
217,39414
217,188381
417,46553
417,236935
417,183721
417,187349
417,159822
449,80956
449,5271
449,4364
449,99569
449,119868
743,172536
743,236936
743,236937
743,42035
743,66446
728,130010
728,77086
728,236938
728,136240
728,163842
49,236939
49,193082
49,164574
49,178362
49,159618
178,210645
178,236940
178,177372
178,57410
178,206577
315,63776
315,163865
315,66294
315,139691
315,201715
130,83136
130,116351
130,98528
130,236941
130,236942
628,37531
628,216453
628,193952
628,158064
628,144080
504,236943
504,236944
504,236945
504,206183
504,125430
622,4263
622,9321
622,236946
622,46020
622,6563
643,136674
643,7600
643,236947
643,231452
643,143164
517,232741
517,236948
517,40805
517,96161
517,146111
573,143940
573,83845
573,168925
573,236949
573,158518
639,236950
639,53947
639,117366
639,74886
639,119800
558,162418
558,236951
558,53860
558,54694
558,1396
436,60654
436,45129
436,33115
436,202174
436,14861
342,18437
342,147760
342,19136
342,126417
342,47243
919,148213
919,236952
919,51932
919,73806
919,228089
25,176492
25,101125
25,210987
25,236953
25,225217
962,86395
962,83249
962,82095
962,20778
962,192801
508,29194
508,12138
508,38930
508,162579
508,20168
739,140799
739,178354
739,62686
739,94964
739,137824
119,187813
119,230011
119,14112
119,236954
119,206468
466,83986
466,136665
466,79691
466,167209
466,236955
143,113310
143,174238
143,54447
143,216772
143,197279
669,135094
669,93805
669,236956
669,139615
669,158688
912,236957
912,113812
912,236958
912,198690
912,27255
926,2741
926,119990
926,165485
926,52584
926,142845
510,230661
510,166169
510,13906
510,167369
510,236959
655,236960
655,201927
655,182559
655,279
655,37922
844,236961
844,79975
844,153278
844,236962
844,236963
767,67669
767,46169
767,68160
767,151672
767,32878
604,236964
604,219361
604,185500
604,92574
604,236965
541,84671
541,210722
541,2296
541,12869
541,98153
585,103607
585,200722
585,74895
585,30920
585,63992
327,236966
327,223232
327,110050
327,170120
327,168695
327,3090
117,236967
117,206896
117,145576
117,185365
117,208331
117,199235
845,171238
845,37847
845,210079
845,1816
845,222019
845,156361
232,13575
232,214963
232,121443
232,187263
232,161496
232,113117
648,236968
648,196940
648,236969
648,236970
648,236971
648,236972
933,185686
933,43694
933,60061
933,212660
933,63666
933,236973
586,174679
586,137987
586,22540
586,22489
586,236974
586,5348
177,33234
177,37688
177,143792
177,31970
177,43312
177,125762
800,224524
800,236975
800,42357
800,236976
800,236977
800,72050
146,236978
146,236979
146,114422
146,236980
146,234834
146,39236
154,233889
154,157581
154,236981
154,222928
154,236982
154,101452
313,221320
313,236983
313,226894
313,236984
313,236985
313,236986
876,35077
876,141339
876,236987
876,236988
876,216022
876,26902
28,2561
28,55101
28,76012
28,26607
28,219680
28,236989
93,76418
93,41338
93,36116
93,148109
93,27145
93,91319
534,83735
534,194919
534,74298
534,78235
534,150216
534,228050
155,73153
155,236990
155,19609
155,141120
155,236991
155,102553
38,151750
38,151247
38,194779
38,111000
38,790
38,136854
41,186545
41,190929
41,219119
41,236992
41,188113
41,56240
336,137251
336,234851
336,161597
336,162348
336,236993
336,140524
441,147077
441,236994
441,170813
441,93797
441,83362
441,114199
744,149079
744,220766
744,236995
744,6296
744,236996
744,80849
301,104310
301,236997
301,236998
301,226475
301,236999
301,183280
566,159546
566,66608
566,237000
566,185868
566,70825
566,237001
537,1039
537,183861
537,237002
537,3867
537,159275
537,114419
559,89017
559,173949
559,203639
559,125833
559,10510
559,29579
868,98769
868,153806
868,87354
868,130184
868,30314
868,209206
499,19150
499,126932
499,13850
499,128239
499,155693
499,37240
282,185464
282,57290
282,223703
282,177880
282,150171
282,237003
18,65364
18,52685
18,72562
18,98121
18,176492
18,141651
711,197821
711,189925
711,188100
711,139703
711,153581
711,202361
452,104611
452,234556
452,5336
452,70027
452,16646
452,229372
11,23703
11,193324
11,42563
11,200592
11,39408
11,209889
110,58699
110,169493
110,237004
110,78916
110,104702
110,136242
176,58588
176,237005
176,171858
176,24730
176,67520
176,237006
405,237007
405,174942
405,113853
405,237008
405,188405
405,237009
620,151635
620,137461
620,103828
620,115893
620,212756
620,3565
411,76921
411,237010
411,98132
411,120673
411,102742
411,237011
725,237012
725,237013
725,43878
725,215068
725,237014
725,237015
169,35392
169,237016
169,29387
169,127969
169,125662
169,204095
625,170481
625,237017
625,175918
625,156567
625,174754
625,144133
883,237018
883,235733
883,144023
883,161482
883,188093
883,143941
50,211033
50,208413
50,78400
50,190179
50,67239
50,189693
451,16055
451,208610
451,102468
451,237019
451,159516
451,211519
835,237020
835,106222
835,237021
835,149792
835,90973
835,187268
51,49316
51,237022
51,237023
51,237024
51,237025
51,202087
481,182749
481,101559
481,237026
481,106407
481,237027
481,201189
854,91127
854,81718
854,71731
854,91967
854,237028
854,148167
211,165575
211,11316
211,237029
211,138037
211,195201
211,215005
895,28681
895,161413
895,134594
895,220946
895,201721
895,92899
922,129034
922,237030
922,86370
922,18468
922,125475
922,164108
372,237031
372,28707
372,164951
372,237032
372,237033
372,237034
372,35194
46,233282
46,15094
46,1078
46,175236
46,237035
46,80527
46,118883
527,22051
527,184750
527,133220
527,73950
527,218129
527,111636
527,110018
370,125707
370,56490
370,22481
370,49239
370,81718
370,94089
370,188117
761,218362
761,143283
761,201702
761,60405
761,162254
761,189131
761,217482
932,177467
932,237036
932,237037
932,212501
932,20610
932,237038
932,237039
27,218476
27,178779
27,119545
27,237040
27,9531
27,237041
27,236071
161,109476
161,214960
161,16431
161,237042
161,131558
161,203277
161,137826
605,94224
605,189009
605,96161
605,109098
605,141886
605,204328
605,237043
88,177463
88,225372
88,237044
88,145173
88,237045
88,237046
88,103135
491,225670
491,13236
491,237047
491,124135
491,224417
491,237048
491,65701
365,214891
365,235004
365,159242
365,227073
365,119018
365,237049
365,237050
131,237051
131,237052
131,168576
131,237053
131,95678
131,208379
131,237054
267,152982
267,237055
267,237056
267,237057
267,152129
267,11636
267,62654
149,175745
149,237058
149,37506
149,221209
149,237059
149,237060
149,237061
20,82377
20,124818
20,158034
20,39435
20,237062
20,155196
20,237063
120,129474
120,106745
120,34167
120,209393
120,187430
120,110450
120,141367
9,237064
9,150173
9,68538
9,237065
9,146856
9,139919
9,32272
879,9909
879,83667
879,120600
879,29981
879,35201
879,159548
879,152445
668,54752
668,237066
668,172748
668,52165
668,124489
668,237067
668,137149
158,237068
158,95656
158,77821
158,237069
158,187267
158,237070
158,237071
461,13252
461,222708
461,224865
461,193130
461,11409
461,51391
461,216401
872,193619
872,167632
872,61713
872,211118
872,44870
872,237072
872,79465
126,29924
126,237073
126,237074
126,213037
126,237075
126,131111
126,237076
144,189223
144,13626
144,188220
144,63172
144,114255
144,217609
144,59397
142,171201
142,116630
142,115557
142,39837
142,202076
142,218072
142,2404
841,115598
841,209787
841,237077
841,237078
841,189408
841,212846
841,237079
688,28949
688,237080
688,188881
688,100383
688,131384
688,128437
688,157995
247,237081
247,42668
247,237082
247,113567
247,23208
247,237083
247,237084
913,93832
913,93756
913,86283
913,38762
913,119393
913,216297
913,73515
447,165450
447,42980
447,5074
447,147324
447,225889
447,13470
447,237085
596,127811
596,199770
596,220824
596,80243
596,215008
596,34023
596,140673
168,127868
168,88364
168,95103
168,194136
168,2309
168,127427
168,235982
746,122459
746,115852
746,14537
746,85944
746,122590
746,237086
746,149979
456,117141
456,149668
456,30948
456,181942
456,22652
456,237087
456,117546
592,139003
592,178276
592,136653
592,194349
592,2911
592,180369
592,85351
323,105209
323,119830
323,51140
323,134161
323,18741
323,78761
323,219879
363,10092
363,127317
363,200967
363,231917
363,237088
363,237089
363,92572
69,237090
69,95727
69,123415
69,92570
69,159568
69,227154
69,200431
931,106418
931,142353
931,21579
931,74091
931,237091
931,104979
931,39670
613,207213
613,104109
613,237092
613,220946
613,86604
613,105305
613,145244
197,71612
197,45463
197,149961
197,114047
197,128218
197,134797
197,21660
803,237093
803,142429
803,237094
803,236944
803,54596
803,237095
803,237096
867,237097
867,124716
867,233179
867,129162
867,61163
867,237098
867,230026
709,164126
709,2327
709,173593
709,84610
709,27346
709,19248
709,116047
565,150150
565,227638
565,165311
565,2681
565,128564
565,73437
565,218238
464,118224
464,55671
464,237099
464,229094
464,131542
464,202702
464,43641
873,226439
873,185617
873,50252
873,68434
873,163004
873,126750
873,237100
147,183326
147,178165
147,191118
147,24414
147,225908
147,96477
147,135461
422,229460
422,105498
422,120018
422,196458
422,6162
422,237101
422,222460
56,237102
56,237103
56,104255
56,103735
56,215210
56,237104
56,187331
460,237105
460,227246
460,163087
460,51070
460,138452
460,9138
460,127032
774,140344
774,65956
774,174105
774,201756
774,209119
774,237106
774,237107
690,101809
690,187385
690,234121
690,237108
690,237109
690,4726
690,119875
900,83589
900,64878
900,98877
900,50714
900,104763
900,226828
900,171371
679,10254
679,123433
679,220061
679,20238
679,53935
679,107783
679,237110
497,395
497,125214
497,231629
497,237111
497,237112
497,237113
497,28675
497,237114
294,148699
294,237115
294,141860
294,8858
294,112189
294,127565
294,158355
294,125471
923,26770
923,227052
923,237116
923,237117
923,121338
923,237118
923,93607
923,216429
831,139308
831,132380
831,193561
831,237119
831,92654
831,215604
831,132355
831,24626
582,44638
582,148793
582,173343
582,171148
582,142971
582,237120
582,228984
582,128513
482,229272
482,12673
482,61619
482,70440
482,130668
482,163736
482,138059
482,128437
486,237121
486,52869
486,237122
486,237123
486,237124
486,151586
486,28864
486,21080
189,179348
189,154211
189,192677
189,219985
189,237125
189,72976
189,237126
189,137314
781,237127
781,144940
781,232452
781,226022
781,237128
781,218036
781,237129
781,237130
569,80376
569,222574
569,219880
569,50807
569,237131
569,188817
569,22622
569,171414
720,150140
720,201289
720,8908
720,10824
720,196007
720,8351
720,15565
720,18774
837,103572
837,122683
837,104328
837,237132
837,237133
837,90129
837,111622
837,60241
415,29507
415,225371
415,237134
415,55911
415,78680
415,134624
415,237135
415,233220
492,84540
492,124456
492,176744
492,14346
492,110222
492,237136
492,237137
492,237138
353,40648
353,237139
353,64477
353,95658
353,92945
353,199339
353,29369
353,186350
367,237140
367,12866
367,237141
367,173686
367,85822
367,80649
367,207502
367,151305
270,7069
270,25199
270,25253
270,142772
270,53505
270,237142
270,237143
270,237144
61,100702
61,14999
61,237145
61,116112
61,11098
61,105148
61,37693
61,237146
328,200883
328,152267
328,17048
328,211200
328,93339
328,42141
328,50921
328,237147
520,188688
520,153426
520,468
520,43632
520,98462
520,138895
520,39182
520,54173
588,105964
588,113841
588,44368
588,216610
588,89873
588,5786
588,148803
588,37242
911,131120
911,82255
911,80083
911,24287
911,13963
911,22535
911,217255
911,89878
314,30902
314,146335
314,72080
314,223375
314,86252
314,51441
314,252
314,47736
254,95433
254,209782
254,237148
254,77987
254,24809
254,146760
254,237149
254,237150
268,62296
268,206979
268,173017
268,237151
268,131136
268,237152
268,39418
268,16025
907,116518
907,136919
907,5395
907,66634
907,181247
907,183917
907,237153
907,192463
251,195746
251,39271
251,59376
251,105284
251,232175
251,207562
251,69792
251,226342
374,57678
374,145121
374,87876
374,237154
374,172871
374,67743
374,212049
374,51157
730,222646
730,173180
730,237155
730,237156
730,168096
730,124831
730,237157
730,237158
615,195873
615,237159
615,10769
615,237160
615,237161
615,237162
615,11678
615,237163
113,223373
113,36093
113,89766
113,68517
113,237164
113,226342
113,149248
113,162735
591,119725
591,186745
591,164573
591,94210
591,237165
591,68608
591,229959
591,154507
63,100507
63,119900
63,237166
63,139452
63,44627
63,48229
63,237167
63,58713
935,91764
935,182022
935,21238
935,920
935,119473
935,152450
935,237168
935,237169
536,119555
536,19244
536,3719
536,59271
536,143376
536,559
536,18200
536,226299
92,76779
92,157581
92,9638
92,237170
92,32080
92,79997
92,210629
92,235207
354,79280
354,19912
354,190959
354,216785
354,237171
354,220924
354,12609
354,193368
858,237172
858,24274
858,12240
858,117634
858,68625
858,49448
858,33372
858,71131
934,237173
934,22028
934,158991
934,18314
934,12302
934,65830
934,237174
934,47664
934,235982
850,181178
850,137803
850,200189
850,143071
850,72620
850,70082
850,36541
850,150887
850,174602
909,124958
909,126507
909,237175
909,114135
909,124966
909,237176
909,237177
909,139393
909,75849
633,59263
633,106818
633,219958
633,69047
633,128853
633,93827
633,227144
633,104751
633,189048
836,237178
836,41179
836,202292
836,222081
836,237179
836,172343
836,237180
836,237181
836,237182
863,99441
863,224257
863,14861
863,206614
863,205561
863,31039
863,176191
863,237183
863,237184
184,58379
184,14706
184,156401
184,187430
184,47859
184,98153
184,162463
184,4022
184,223466
818,18084
818,100524
818,237185
818,212941
818,237186
818,73884
818,237187
818,237188
818,237189
925,105534
925,205433
925,124218
925,237190
925,198969
925,53144
925,237191
925,226937
925,237192
771,133640
771,134161
771,78276
771,107206
771,97261
771,17277
771,172374
771,55912
771,165243
887,156729
887,145311
887,157184
887,166491
887,13785
887,237193
887,44505
887,80188
887,237194
90,52986
90,14278
90,5014
90,166100
90,221302
90,213821
90,237195
90,17160
90,179087
645,20107
645,217899
645,196061
645,230249
645,237196
645,237197
645,48085
645,54678
645,97803
384,175707
384,91534
384,87704
384,9477
384,237198
384,232940
384,114537
384,109566
384,141652
871,225553
871,42589
871,114756
871,228559
871,177655
871,237199
871,237200
871,90818
871,69809
421,4480
421,63703
421,54740
421,237201
421,237202
421,237203
421,89398
421,77089
421,237204
647,229731
647,25653
647,56924
647,75416
647,97103
647,150461
647,63241
647,159768
647,71389
813,9142
813,237205
813,150808
813,47971
813,157066
813,212669
813,237206
813,182987
813,181487
250,237207
250,49696
250,237208
250,72151
250,194628
250,16185
250,237209
250,215725
250,58633
910,44774
910,196732
910,71088
910,16431
910,53474
910,129696
910,237210
910,236077
910,142942
961,237211
961,58188
961,237212
961,125816
961,237213
961,207754
961,237214
961,211798
961,126283
924,228520
924,167023
924,137072
924,237215
924,105905
924,190739
924,207290
924,215416
924,55788
381,111815
381,237216
381,212159
381,237217
381,237218
381,6755
381,60291
381,120530
381,77416
404,109144
404,191045
404,237219
404,131144
404,21384
404,148720
404,103494
404,185268
404,88572
658,36549
658,15629
658,230651
658,157207
658,22108
658,58285
658,171115
658,192798
658,57905
473,46993
473,237220
473,15743
473,94959
473,193420
473,182851
473,237221
473,224962
473,237222
454,113207
454,236589
454,249
454,184314
454,35210
454,137032
454,87137
454,237223
454,173419
78,67743
78,109479
78,31308
78,111909
78,118621
78,205014
78,130414
78,162177
78,184405
691,188079
691,134675
691,237224
691,151806
691,28214
691,237225
691,151499
691,112305
691,237226
693,115889
693,22281
693,237227
693,237228
693,55477
693,237229
693,237230
693,194118
693,237231
884,52481
884,144133
884,36324
884,208064
884,152393
884,13580
884,112473
884,198610
884,162489
108,60869
108,28542
108,237232
108,226008
108,90514
108,237233
108,176619
108,153294
108,175829
458,21762
458,2864
458,142582
458,144349
458,190273
458,134579
458,202167
458,29036
458,170211
222,2570
222,124007
222,207078
222,163566
222,6233
222,59743
222,218848
222,237234
222,126881
594,218474
594,237235
594,169678
594,127072
594,226109
594,237236
594,191341
594,117934
594,44765
477,237237
477,154970
477,232880
477,39300
477,106094
477,39733
477,165516
477,111341
477,124620
501,125808
501,75000
501,107118
501,69329
501,91045
501,41024
501,178864
501,221420
501,237238
395,237239
395,180185
395,196976
395,53234
395,21214
395,237240
395,87826
395,237241
395,98226
111,225281
111,209569
111,115654
111,81731
111,40199
111,44703
111,210418
111,237242
111,65137
111,237243
870,94782
870,204862
870,134993
870,231010
870,195127
870,123839
870,42165
870,90286
870,222903
870,121185
532,142670
532,105291
532,219614
532,237244
532,92972
532,187624
532,7382
532,176276
532,123477
532,110756
807,177061
807,233023
807,2596
807,110952
807,30187
807,221146
807,200227
807,113721
807,19065
807,197499
386,237245
386,237246
386,237247
386,237248
386,237249
386,237250
386,237251
386,237252
386,190107
386,237253
206,135592
206,67155
206,173816
206,127661
206,52291
206,237254
206,237255
206,86278
206,230946
206,216679
306,237256
306,237257
306,237258
306,237259
306,237260
306,54180
306,237261
306,155783
306,237262
306,237263
576,132664
576,194336
576,99415
576,76864
576,138546
576,5352
576,13963
576,103253
576,151945
576,158951
662,101044
662,44870
662,224478
662,2448
662,167200
662,30269
662,67732
662,51336
662,22778
662,176015
556,66575
556,237264
556,60052
556,237265
556,38966
556,237266
556,103490
556,225444
556,230267
556,218474
916,87664
916,237267
916,148834
916,47877
916,237268
916,237269
916,165291
916,100220
916,92349
916,38846
567,142944
567,81075
567,120048
567,222818
567,111762
567,53534
567,39333
567,226425
567,237270
567,237271
723,237272
723,237273
723,227430
723,237274
723,237275
723,37414
723,186038
723,237276
723,126986
723,93354
717,68594
717,19851
717,126417
717,237277
717,22406
717,23301
717,237278
717,18997
717,57313
717,111049
139,192161
139,166491
139,200061
139,163314
139,229868
139,96629
139,192432
139,81321
139,237279
139,237280
26,107780
26,237281
26,97824
26,110171
26,117365
26,26433
26,45498
26,149996
26,64119
26,41793
806,237282
806,202698
806,237283
806,204703
806,2202
806,24504
806,6640
806,27936
806,127679
806,237284
332,158221
332,6225
332,18329
332,237285
332,237286
332,114837
332,45812
332,237287
332,237288
332,1875
762,102468
762,237289
762,88642
762,75246
762,237290
762,237291
762,237292
762,201595
762,237293
762,237294
170,47662
170,178413
170,23821
170,163231
170,18533
170,7843
170,218428
170,114147
170,136024
170,68847
19,237295
19,152535
19,108281
19,237296
19,237297
19,204647
19,165965
19,237298
19,218171
19,226235
297,167390
297,225700
297,237299
297,56540
297,104297
297,94057
297,237300
297,166682
297,108227
297,47260
524,166109
524,204622
524,89017
524,84468
524,214586
524,56032
524,90717
524,32360
524,67964
524,114249
399,182827
399,230530
399,99287
399,134797
399,237301
399,237302
399,237303
399,212946
399,108663
399,148420
488,87762
488,57264
488,60769
488,61955
488,236127
488,134134
488,46344
488,17456
488,94149
488,194036
225,237304
225,79254
225,165314
225,237305
225,122447
225,237306
225,237307
225,96111
225,70668
225,237308
484,229724
484,97569
484,111447
484,235017
484,233239
484,236190
484,223596
484,23303
484,6563
484,112449
413,184070
413,204703
413,237309
413,237310
413,237311
413,113666
413,30616
413,97582
413,182844
413,64953
729,237312
729,15381
729,173245
729,45209
729,237313
729,237314
729,237315
729,204707
729,237316
729,237317
672,237318
672,237319
672,211249
672,137991
672,213691
672,237320
672,237321
672,237322
672,24700
672,237323
865,59550
865,184276
865,237324
865,192811
865,237325
865,237326
865,66184
865,237327
865,237328
865,109545
801,237329
801,237330
801,155591
801,237331
801,237332
801,142153
801,116298
801,237333
801,58487
801,145786
308,17687
308,221921
308,26319
308,118583
308,143326
308,237334
308,226211
308,193504
308,185388
308,66827
521,130504
521,103603
521,130168
521,79359
521,72015
521,124556
521,226969
521,237335
521,120354
521,146501
853,237336
853,237337
853,139822
853,74505
853,104680
853,221570
853,95211
853,175400
853,237338
853,174668
551,237339
551,235679
551,237340
551,110085
551,149298
551,29936
551,149961
551,51148
551,219884
551,203680
866,73362
866,216603
866,18303
866,230078
866,145447
866,121148
866,40889
866,237341
866,184089
866,31859
949,237342
949,237343
949,83480
949,237344
949,221860
949,237345
949,186513
949,22459
949,96613
949,89819
571,9721
571,237346
571,26149
571,228384
571,4923
571,55229
571,16009
571,237347
571,237348
571,237349
181,231998
181,203234
181,237350
181,202826
181,53924
181,96302
181,191840
181,237351
181,212088
181,54904
967,174522
967,218097
967,208562
967,86719
768,208922
768,236376
768,115447
768,237352
329,237353
329,86420
329,218474
329,237354
595,64344
595,174034
595,237355
595,43746
764,55163
764,190326
764,46312
764,173119
157,212716
157,129014
157,237356
157,219440
291,140138
291,172540
291,207306
291,222738
903,154066
903,211014
903,237357
903,167739
903,29969
347,52749
347,201262
347,39935
347,472
347,163190
738,237358
738,96764
738,21229
738,237359
738,3229
752,162254
752,193399
752,237360
752,237361
752,237362
798,237363
798,121674
798,18084
798,118001
798,2138
68,137958
68,103804
68,13566
68,235017
68,84946
554,5605
554,207562
554,173114
554,23743
554,96651
231,237364
231,237365
231,191387
231,181890
231,214283
231,85863
653,11959
653,237366
653,7552
653,200985
653,121305
653,121266
187,237367
187,204412
187,237368
187,237369
187,165382
187,40488
355,237370
355,214633
355,188096
355,25837
355,237371
355,12240
515,197919
515,179119
515,60968
515,50779
515,237372
515,68072
229,197939
229,237373
229,109885
229,198272
229,237374
229,63636
229,63449
264,45754
264,190517
264,22521
264,129180
264,153586
264,48269
264,119622
114,85842
114,8839
114,137073
114,124441
114,43694
114,60061
114,197862
205,37422
205,129855
205,156698
205,7145
205,143376
205,211112
205,225571
391,138505
391,237375
391,181522
391,120977
391,24572
391,237376
391,15023
550,147210
550,234360
550,83277
550,219234
550,170246
550,154777
550,59550
47,190670
47,121736
47,237377
47,125319
47,31235
47,149286
47,157834
47,28382
406,29668
406,60
406,190541
406,60068
406,194099
406,39551
406,165962
406,68751
905,233550
905,145285
905,199244
905,237378
905,76028
905,237379
905,139993
905,237380
811,73049
811,32816
811,64099
811,237381
811,237382
811,217992
811,205086
811,62644
0,237383
0,52619
0,18413
0,237384
0,50494
0,237385
0,145203
0,237386
204,184360
204,216974
204,237387
204,139373
204,237388
204,38769
204,237389
204,237390
832,91390
832,211842
832,151165
832,237391
832,94856
832,237392
832,25528
832,36390
832,27877
227,188340
227,235222
227,206619
227,175858
227,170395
227,108706
227,237393
227,155604
227,237394
203,237395
203,221588
203,60655
203,159401
203,237396
203,170347
203,237397
203,112123
203,237398
782,223283
782,147722
782,222375
782,237399
782,134585
782,237400
782,61256
782,237401
782,237402
799,135888
799,237403
799,170388
799,110276
799,237404
799,237405
799,75883
799,227819
799,111118
316,45742
316,140782
316,173119
316,31604
316,29700
316,90560
316,226048
316,118126
316,190086
630,51559
630,36788
630,180993
630,69570
630,219177
630,124845
630,158198
630,218669
630,62061
823,171595
823,226250
823,12536
823,107471
823,198626
823,230517
823,148588
823,179985
823,237406
44,73473
44,237407
44,31941
44,156592
44,237408
44,150064
44,135207
44,115602
44,234341
44,100709
616,237409
616,237410
616,167944
616,236173
616,237411
616,29273
616,91600
616,57659
616,226698
616,1510
946,77243
946,237412
946,126603
946,10449
946,1530
946,237413
946,3662
946,237414
946,23296
946,119758
248,237415
248,176441
248,2654
248,145048
248,232718
248,145936
248,237416
248,851
248,103939
248,133331
796,192801
796,77102
796,237417
796,95430
796,167098
796,64313
796,126369
796,151951
796,210156
796,187949
584,237418
584,237419
584,142224
632,95660
632,19324
632,237420
97,52762
97,78848
97,47475
320,2202
320,226642
320,237421
137,237422
137,103261
137,34089
256,49721
256,44368
256,232148
335,129551
335,216187
335,140782
107,65545
107,30798
107,195300
906,161577
906,12340
906,16942
172,120238
172,89093
172,87291
623,83745
623,107379
623,71309
715,151344
715,186466
715,161657
371,178011
371,74531
371,157228
273,222279
273,95094
273,155913
506,135157
506,61869
506,98891
721,87620
721,86476
721,222749
89,66202
89,237423
89,101910
667,48188
667,198428
667,87509
667,176677
619,237424
619,237425
619,116283
619,228045
772,237426
772,130165
772,237427
772,125380
917,237428
917,237429
917,237430
917,132170
718,68860
718,33671
718,4879
718,26079
675,237431
675,237432
675,139114
675,205781
234,237433
234,70627
234,61203
234,133141
410,126013
410,140934
410,162452
410,173418
263,237434
263,133743
263,146849
263,141369
776,54860
776,237435
776,237436
776,4663
640,125801
640,226500
640,209740
640,237437
490,237438
490,4020
490,168146
490,89542
713,237439
713,45732
713,237440
713,237441
855,237442
855,134688
855,237443
855,91348
897,237444
897,186693
897,237445
897,37915
377,129965
377,138363
377,3227
377,179837
64,201618
64,150432
64,199183
64,130095
656,237446
656,237447
656,43236
656,237448
430,218119
430,237449
430,220525
430,237450
221,170398
221,237451
221,220483
221,151609
921,157826
921,13975
921,28056
921,69270
555,237452
555,237453
555,181064
555,237454
555,237455
847,237456
847,10345
847,159329
847,146063
847,89666
414,109695
414,234824
414,40815
414,237457
414,237458
224,123754
224,105253
224,42849
224,875
224,30255
589,78466
589,237459
589,71367
589,17188
589,225060
790,9697
790,111470
790,149305
790,76151
790,45792
156,157843
156,106457
156,52197
156,20654
156,237460
235,186068
235,195819
235,237461
235,47593
235,13318
819,209726
819,64227
819,116375
819,87656
819,202939
141,56563
141,160563
141,233239
141,131054
141,237462
326,237463
326,121558
326,237464
326,88283
326,226242
312,81966
312,32900
312,20173
312,41597
312,140634
339,190092
339,237465
339,104554
339,237466
339,237467
402,223487
402,79775
402,49095
402,70407
402,237468
820,218474
820,11115
820,69208
820,63307
820,90843
862,125430
862,237469
862,237470
862,166697
862,237471
159,81718
159,170687
159,6764
159,237472
159,237473
760,9423
760,237474
760,96762
760,204558
760,109640
580,138671
580,209445
580,139028
580,230080
580,6297
580,29194
166,237475
166,104297
166,47260
166,36151
166,120465
166,104611
783,237476
783,8755
783,113690
783,237477
783,186855
783,46299
463,58390
463,214707
463,73914
463,173629
463,237478
463,143586
244,237479
244,147898
244,92736
244,170154
244,237480
244,237481
942,165034
942,89881
942,124677
942,174483
942,162193
942,228984
889,99429
889,18768
889,43310
889,19347
889,191599
889,190951
112,63745
112,219675
112,215310
112,44669
112,86826
112,177325
71,135750
71,234171
71,203715
71,75103
71,139373
71,198888
361,154936
361,98929
361,206948
361,237482
361,88813
361,51229
822,237483
822,90326
822,237484
822,237485
822,237486
822,237487
692,225806
692,152548
692,189247
692,194349
692,156992
692,234885
518,68744
518,233253
518,182570
518,237488
518,230570
518,1197
5,229179
5,32508
5,149878
5,6719
5,108812
5,74823
32,237489
32,237490
32,237491
32,93847
32,36867
32,237492
649,114606
649,237493
649,90211
649,237494
649,107148
649,237495
649,130072
795,115215
795,237496
795,237497
795,237498
795,44829
795,237499
795,187949
409,237500
409,200626
409,101718
409,237501
409,237502
409,50876
409,56564
894,114131
894,237503
894,8858
894,91176
894,114615
894,237504
894,204499
171,237505
171,237506
171,56168
171,237507
171,220905
171,140264
171,237508
777,107128
777,171266
777,195195
777,156592
777,131953
777,104297
777,237509
29,116097
29,230757
29,148975
29,106931
29,60424
29,210774
29,194413
930,143931
930,237510
930,237511
930,21337
930,195249
930,179543
930,237512
190,112180
190,57440
190,16177
190,159204
190,237513
190,190240
190,210890
561,237514
561,157350
561,87314
561,116174
561,237515
561,100995
561,237516
747,126975
747,151883
747,237517
747,51742
747,89504
747,68981
747,13323
239,237518
239,102266
239,24472
239,132630
239,165507
239,237519
239,217261
637,150733
637,237520
637,237521
637,237522
637,237523
637,237524
637,85884
936,69395
936,186913
936,129553
936,183036
936,1367
936,237525
936,65063
901,35293
901,237526
901,237527
901,237528
901,237529
901,158012
901,237530
121,76559
121,153706
121,237531
121,96617
121,2431
121,202292
121,99647
344,105237
344,237532
344,193529
344,33945
344,237533
344,237534
344,8213
958,152724
958,237535
958,237536
958,237537
958,167216
958,130158
958,104956
73,9600
73,237538
73,237539
73,5081
73,193630
73,237540
73,53654
557,693
557,74019
557,201087
557,113879
557,140850
557,200536
557,222642
609,237541
609,182125
609,237542
609,98098
609,237543
609,237544
609,4583
186,237545
186,6132
186,237546
186,98570
186,237547
186,101515
186,53895
472,15466
472,179290
472,135103
472,237548
472,237549
472,237550
472,237551
3,28100
3,18599
3,207642
3,14346
3,237552
3,237553
3,158498
821,237554
821,227358
821,237555
821,74071
821,147133
821,181881
821,47926
821,206537
607,121028
607,114377
607,170731
607,237556
607,14069
607,237557
607,60613
607,237558
102,196654
102,84247
102,87109
102,102944
102,229434
102,200784
102,237559
102,223104
318,88813
318,185893
318,217953
318,38930
318,237560
318,141433
318,90635
318,73758
657,222224
657,64588
657,83899
657,58230
657,125862
657,71971
657,237561
657,66570
503,149319
503,159353
503,14706
503,84585
503,233023
503,191025
503,164131
503,12964
136,161093
136,182786
136,64587
136,58320
136,190086
136,237562
136,120295
136,168534
830,192785
830,139375
830,237563
830,205658
830,27545
830,98454
830,237564
830,154882
824,27264
824,237565
824,237566
824,201469
824,135708
824,35725
824,237567
824,237568
732,237569
732,30949
732,229443
732,237570
732,236310
732,160085
732,28009
732,97320
631,782
631,230114
631,149377
631,170824
631,192407
631,193619
631,237571
631,237572
793,123041
793,121394
793,220775
793,237573
793,12364
793,57781
793,166923
793,91103
220,237574
220,155832
220,237575
220,237576
220,237577
220,74234
220,237578
220,237579
964,237580
964,237581
964,237582
964,237583
964,237584
964,171843
964,237585
964,237586
964,237587
516,115600
516,138283
516,210600
516,62744
516,58806
516,237588
516,237589
516,237590
516,138074
266,9282
266,203724
266,123629
266,83893
266,116417
266,119305
266,99647
266,113599
266,100281
963,237591
963,165343
963,237592
963,197862
963,237593
963,54051
963,128083
963,47462
963,95018
74,50652
74,140956
74,98181
74,237594
74,55977
74,237595
74,126443
74,174487
74,162143
496,145954
496,237596
496,82662
496,1336
496,146520
496,169137
496,210156
496,7066
496,52289
295,237597
295,237598
295,87889
295,202405
295,237599
295,70594
295,107150
295,31655
295,205454
435,44263
435,80392
435,2010
435,237600
435,179295
435,79034
435,117298
435,213215
435,179531
252,237601
252,237602
252,237603
252,237604
252,237605
252,79253
252,237606
252,75987
252,237607
276,174232
276,237608
276,237609
276,101129
276,153555
276,36689
276,87584
276,53748
276,160953
109,237610
109,237611
109,237612
109,237613
109,237614
109,237615
109,237616
109,237617
109,237618
185,220046
185,166080
185,214907
185,127565
185,50798
185,220037
185,173441
185,26879
185,237619
375,178343
375,237620
375,193624
375,237621
375,96617
375,44805
375,103115
375,67433
375,15783
375,94295
687,237622
687,227031
687,33521
687,11880
687,119504
687,151748
687,67475
687,237623
687,64765
687,64479
646,188630
646,237624
646,71531
646,237625
646,88844
646,112933
646,237626
646,237627
646,144724
646,199827
875,174
875,139668
875,57183
875,203368
875,105215
875,170243
875,222421
875,34146
875,34733
875,137360
698,237628
698,134578
698,226915
698,237629
698,149398
698,26591
698,145552
698,139233
698,159791
698,89949
255,237630
255,57605
255,48954
255,237631
255,157746
255,39474
255,237632
255,66222
255,54829
255,70968
940,31908
940,39392
940,58412
940,237633
940,237634
940,23842
940,237635
940,237636
940,237637
940,237638
699,105459
699,76481
699,237639
699,237640
699,62137
699,174911
699,37406
699,237641
699,237642
699,5726
103,237643
103,215920
103,227810
103,237644
103,67475
103,123181
103,237645
103,237646
103,237647
103,237648
525,205032
525,218181
525,153812
525,164456
525,34488
525,146847
525,171716
525,131906
525,34023
525,237649
445,170289
445,90227
445,231001
445,34344
445,137290
445,224290
445,65487
445,218072
445,153706
445,50704
877,227251
877,98208
877,237650
877,170983
877,197023
877,50585
877,70407
877,237651
877,25229
877,237652
286,64840
286,237653
286,207361
286,36680
286,237654
286,114121
286,237655
286,237656
286,237657
286,214409
23,109954
23,219416
23,237658
23,86286
23,129434
23,130623
23,214787
23,237659
23,237660
23,53008
530,101005
530,187425
530,101012
530,88683
530,198068
530,44142
530,222696
530,1156
530,15579
530,5013
638,125640
638,148858
638,153957
638,190079
638,134151
638,5491
638,203955
638,65438
638,28935
638,180794
968,237661
968,237662
969,146663
969,154137
970,237663
970,139349
971,194437
971,145164
972,42741
972,216732
973,147081
973,22466
974,31293
974,237664
975,181771
975,189741
976,237665
976,237666
977,129339
977,237667
978,237668
978,237669
979,139900
979,237670
980,237671
980,186825
981,117939
981,35739
982,237672
982,237673
983,235006
983,213141
984,237674
984,237675
985,142114
985,171140
986,64361
986,228351
987,237676
987,44798
988,29579
988,127221
989,165869
989,237677
990,21442
990,237678
991,198881
991,69126
992,1510
992,33496
993,237679
993,237680
994,127679
994,237681
995,237682
995,237683
996,237684
996,237685
997,226342
997,22036
998,236307
998,57659
999,178803
999,186693
1000,237686
1000,237687
1001,77953
1001,209866
1002,127794
1002,163429
1003,237688
1003,122557
1004,237689
1004,37461
1005,237690
1005,117840
1006,214516
1006,112638
1007,136143
1007,237691
1007,237692
1008,33518
1008,117552
1008,215332
1009,84109
1009,77231
1009,180534
1010,14337
1010,220019
1010,32849
1011,174552
1011,54352
1011,147981
1012,133216
1012,70407
1012,37423
1013,237693
1013,237694
1013,138673
1014,201189
1014,40924
1014,101871
1015,128927
1015,215846
1015,19292
1016,56769
1016,220855
1016,122384
1017,237695
1017,237696
1017,237697
1018,104754
1018,237698
1018,237699
1019,220748
1019,237700
1019,237701
1020,78723
1020,130230
1020,16854
1021,73381
1021,41330
1021,105905
1022,237702
1022,237703
1022,237704
1023,237705
1023,237706
1023,198559
1024,152514
1024,1823
1024,188444
1025,237707
1025,237708
1025,237709
1026,197749
1026,20252
1026,191303
1027,161202
1027,133076
1027,163091
1028,90507
1028,136981
1028,21787
1028,44451
1029,191478
1029,51140
1029,216665
1029,92172
1030,84032
1030,55644
1030,160114
1030,229272
1031,231046
1031,237710
1031,237711
1031,4818
1032,111343
1032,237712
1032,26390
1032,229983
1033,237713
1033,131143
1033,21508
1033,237714
1034,101805
1034,161453
1034,210959
1034,230441
1035,72647
1035,36822
1035,180774
1035,237715
1036,237716
1036,190419
1036,100847
1036,115040
1037,66447
1037,12891
1037,44830
1037,140174
1038,56006
1038,175158
1038,237717
1038,140972
1039,163963
1039,214134
1039,198805
1039,237718
1040,203423
1040,72677
1040,105291
1040,153441
1041,55689
1041,237719
1041,237720
1041,129116
1042,190265
1042,72246
1042,172053
1042,115451
1043,190859
1043,174150
1043,14789
1043,237721
1044,237722
1044,237723
1044,172056
1044,237724
1045,110320
1045,220768
1045,83358
1045,43890
1046,237725
1046,126528
1046,237726
1046,14933
1047,237727
1047,9902
1047,101218
1047,237728
1048,66815
1048,183131
1048,39183
1048,125892
1048,173452
1049,177600
1049,165101
1049,51140
1049,149170
1049,198254
1050,237729
1050,237730
1050,193595
1050,157403
1050,35188
1051,136710
1051,4744
1051,15144
1051,133307
1051,198174
1052,38685
1052,93777
1052,237731
1052,99295
1052,156107
1053,201682
1053,878
1053,125430
1053,145177
1053,137006
1054,57847
1054,237732
1054,237733
1054,198593
1054,226018
1055,42143
1055,222501
1055,130104
1055,7340
1055,167739
1056,172731
1056,71494
1056,232444
1056,88809
1056,22016
1056,110231
1057,235679
1057,143412
1057,237734
1057,80440
1057,197838
1057,212816
1058,80909
1058,87555
1058,235215
1058,168225
1058,132864
1058,139656
1059,183149
1059,207271
1059,165563
1059,175619
1059,69570
1059,157818
1060,8485
1060,57140
1060,184390
1060,93636
1060,84963
1060,186769
1061,109511
1061,561
1061,76492
1061,97321
1061,35820
1061,151935
1062,237735
1062,125897
1062,226081
1062,53948
1062,143715
1062,224369
1063,64533
1063,76983
1063,82263
1063,223740
1063,88549
1063,237736
1064,237737
1064,237738
1064,237739
1064,161536
1064,37764
1064,236317
1065,111623
1065,237740
1065,226020
1065,108124
1065,29644
1065,237741
1066,104420
1066,33082
1066,30436
1066,58539
1066,4816
1066,234824
1067,237742
1067,18432
1067,1395
1067,237743
1067,234796
1067,98806
1068,154447
1068,30074
1068,192402
1068,210567
1068,228902
1068,144438
1068,136184
1069,179948
1069,122917
1069,149252
1069,47236
1069,67673
1069,138363
1069,203680
1070,169821
1070,206279
1070,36593
1070,117664
1070,95085
1070,101382
1070,213437
1071,103190
1071,237744
1071,237745
1071,237746
1071,159315
1071,237747
1071,70745
1072,148457
1072,75599
1072,38836
1072,163679
1072,217531
1072,139545
1072,73560
1073,97832
1073,84589
1073,173445
1073,96645
1073,63819
1073,46823
1073,220255
1074,150546
1074,214804
1074,225002
1074,42000
1074,13686
1074,147851
1074,142037
1074,179623
1075,186044
1075,24857
1075,3659
1075,229002
1075,229672
1075,225296
1075,203368
1075,155526
1076,64506
1076,41355
1076,237748
1076,153257
1076,237749
1076,125823
1076,4989
1076,237750
1077,56407
1077,56486
1077,129663
1077,38034
1077,19938
1077,14109
1077,117157
1077,231628
1078,127962
1078,118621
1078,19347
1078,96161
1078,220824
1078,72647
1078,96629
1078,31203
1079,208499
1079,219500
1079,211061
1079,231181
1079,169126
1079,229880
1079,159356
1079,170286
1079,108191
1080,19039
1080,237751
1080,237752
1080,237753
1080,198081
1080,129697
1080,50676
1080,18408
1080,232843
1081,139347
1081,65099
1081,101602
1081,66215
1081,173119
1081,126417
1081,63643
1081,150667
1081,56240
1082,136645
1082,172568
1082,71854
1082,137159
1082,73514
1082,177056
1082,65379
1082,19811
1082,225850
1083,232313
1083,86513
1083,143850
1083,102682
1083,31636
1083,222532
1083,103375
1083,233023
1083,161425
1083,93961
1084,128584
1084,105351
1084,201116
1084,107438
1084,71521
1084,91375
1084,136906
1084,149601
1084,21881
1084,192553
1085,234189
1085,233611
1086,199738
1086,237754
1087,32253
1087,237755
1088,108503
1088,159800
1089,237756
1089,237757
1090,237758
1090,127635
1091,186016
1091,237759
1092,101871
1092,237760
1093,70305
1093,226485
1094,85122
1094,92469
1095,20214
1095,9355
1096,90349
1096,43330
1097,237761
1097,237762
1098,237763
1098,70439
1099,45094
1099,60539
1100,237764
1100,48169
1101,101871
1101,44140
1102,237765
1102,55208
1103,7897
1103,10133
1104,23041
1104,151777
1105,96163
1105,26436
1106,168986
1106,129093
1107,69336
1107,74479
1108,237766
1108,159315
1109,93739
1109,129256
1110,237767
1110,237768
1111,1879
1111,178323
1112,9782
1112,183767
1113,114669
1113,79359
1114,178183
1114,226989
1115,237769
1115,237770
1116,96084
1116,237771
1117,137645
1117,58988
1118,40234
1118,237772
1119,1621
1119,237773
1120,231832
1120,216683
1121,136566
1121,8276
1121,41338
1122,237774
1122,33903
1122,237775
1123,51140
1123,137582
1123,22179
1124,176838
1124,115450
1124,195367
1125,118132
1125,237776
1125,29075
1126,83360
1126,237777
1126,17569
1127,149455
1127,237778
1127,183597
1128,1218
1128,129844
1128,16163
1129,237779
1129,176030
1129,237780
1130,19602
1130,46922
1130,138563
1131,68075
1131,150057
1131,59848
1132,237781
1132,237782
1132,237783
1133,47063
1133,3504
1133,237784
1134,237785
1134,237786
1134,237787
1135,171097
1135,209761
1135,150123
1136,82475
1136,21484
1136,237788
1137,117609
1137,237789
1137,237790
1138,219405
1138,211959
1138,237791
1139,51436
1139,237792
1139,8410
1140,196862
1140,229920
1140,237793
1141,204479
1141,170460
1141,61053
1141,7663
1142,49521
1142,181677
1142,237794
1142,235363
1143,237795
1143,105981
1143,172856
1143,30835
1144,33479
1144,237796
1144,237797
1144,56214
1145,224414
1145,143386
1145,40608
1145,121617
1146,82546
1146,196765
1146,105390
1146,169833
1147,186363
1147,132595
1147,29998
1147,135461
1148,27164
1148,94381
1148,135837
1148,171115
1149,82255
1149,203461
1149,166724
1149,55082
1150,143803
1150,237798
1150,108965
1150,184031
1151,195873
1151,237799
1151,237800
1151,111444
1152,237801
1152,237802
1152,237803
1152,108040
1152,86621
1153,225889
1153,27291
1153,140457
1153,147324
1153,80116
1154,94070
1154,237804
1154,183771
1154,7414
1154,156501
1155,203102
1155,222620
1155,237805
1155,8897
1155,43320
1156,58906
1156,77305
1156,109451
1156,237806
1156,64041
1157,151111
1157,67063
1157,88661
1157,222083
1157,164348
1158,1387
1158,237807
1158,41333
1158,163903
1158,237808
1159,237809
1159,120104
1159,12177
1159,222668
1159,183040
1159,237810
1160,237811
1160,237812
1160,237813
1160,15387
1160,237814
1160,237815
1161,207692
1161,71398
1161,222015
1161,236274
1161,130261
1161,43343
1162,31922
1162,17322
1162,235786
1162,25472
1162,185119
1162,190653
1163,178165
1163,108104
1163,208149
1163,214399
1163,43934
1163,109026
1164,101562
1164,182
1164,204242
1164,237816
1164,193103
1164,222197
1165,13301
1165,90779
1165,59804
1165,102670
1165,115686
1165,126663
1166,19997
1166,133747
1166,237817
1166,237818
1166,19709
1166,237819
1167,12809
1167,92540
1167,10465
1167,108192
1167,205433
1167,19303
1167,14338
1168,1487
1168,154982
1168,160898
1168,174585
1168,145671
1168,187820
1168,61799
1169,40219
1169,97692
1169,571
1169,217130
1169,237820
1169,65391
1169,107826
1170,221360
1170,61674
1170,220718
1170,112773
1170,237821
1170,176884
1170,237822
1171,229094
1171,213071
1171,152805
1171,237823
1171,45522
1171,156501
1171,107550
1172,53022
1172,168048
1172,130689
1172,180999
1172,7005
1172,58913
1172,154275
1173,93146
1173,206752
1173,106259
1173,223943
1173,178674
1173,81316
1173,127299
1174,160103
1174,81131
1174,131451
1174,223989
1174,166665
1174,191055
1174,13865
1174,178275
1175,183091
1175,186354
1175,29328
1175,26876
1175,227735
1175,172738
1175,59354
1175,2954
1175,217452
1176,43193
1176,115453
1176,70487
1176,85607
1176,193733
1176,12852
1176,204940
1176,97569
1176,189131
1177,237824
1177,6094
1177,390
1177,237825
1177,237826
1177,237827
1177,213988
1177,191432
1177,114889
1178,225700
1178,5383
1178,123880
1178,57538
1178,216107
1178,54251
1178,22633
1178,220172
1178,54991
1178,93826
1179,237828
1179,237829
1179,237830
1179,237831
1179,177555
1179,138909
1179,139963
1179,201956
1179,237832
1179,147927
1180,218072
1180,185583
1180,61920
1180,116630
1180,166292
1180,65728
1180,123960
1180,81055
1180,65222
1180,78962
