user ID,item ID
0,168313
0,156291
1,179737
1,3272
2,10373
2,8995
3,236387
3,96085
4,130122
4,196080
5,148720
5,236857
6,91632
6,68756
7,66131
7,208763
8,34750
8,117119
9,236388
9,236389
10,236390
10,236391
11,203314
11,225453
12,54287
12,227497
13,168225
13,16970
14,133261
14,193578
15,203821
15,132593
16,220991
16,19751
17,186044
17,138973
18,158517
18,153628
19,148467
19,32976
20,35995
20,168292
21,38242
21,70832
22,214005
22,227154
23,44286
23,92610
24,166142
24,39606
25,176450
25,121790
26,7933
26,236392
27,236858
27,155423
28,95624
28,166385
29,159738
29,88181
30,194690
30,217468
31,236393
31,96885
32,192909
32,236394
33,70942
33,200910
34,101242
34,40552
35,100109
35,39370
36,181884
36,76339
37,60987
37,154356
38,176682
38,53797
39,4982
39,198806
40,64828
40,107257
41,121378
41,185282
42,203314
42,25975
43,34212
43,74895
44,5189
44,106682
45,65468
45,212386
46,231507
46,193613
47,98120
47,158104
48,13942
48,88272
49,167786
49,236395
50,156267
50,144733
51,236396
51,119152
51,183323
52,85199
52,17583
52,17583
52,85199
52,49399
53,142224
53,237419
54,186832
54,77817
54,211148
54,211148
54,77817
54,186832
55,177950
55,223744
55,201274
56,97411
56,71323
56,194584
56,97411
56,194584
57,33945
57,136314
58,127394
58,236397
58,198366
59,88642
59,190386
59,219979
60,236860
60,9909
61,236861
61,236862
61,236863
62,236864
62,236865
62,34499
63,180939
63,49625
63,49625
63,180939
63,232870
64,213394
64,102140
65,5748
65,126421
66,143255
66,228530
67,142926
67,35210
67,111489
67,208598
67,138940
67,100954
67,9838
67,79569
67,221456
67,153513
67,76697
67,153513
67,35954
68,117737
68,34753
69,19324
69,95660
70,236867
70,236866
70,236867
70,236866
70,81057
71,22458
71,115228
71,64827
72,179195
72,227940
72,227940
72,179195
72,217138
73,190888
73,59886
73,94992
74,170834
74,150071
74,236400
74,150071
74,170834
75,78848
75,52762
76,140249
76,7009
76,146988
76,146988
76,140249
77,237421
77,2202
78,226849
78,52328
78,167353
79,34089
79,103261
80,226104
80,165314
80,163129
80,165314
80,226104
81,188746
81,74530
81,17757
81,74530
81,188746
82,30608
82,236868
82,217709
82,236868
82,30608
83,42052
83,164053
84,236869
84,196243
85,91247
85,22420
85,37369
85,22420
85,91247
86,189403
86,20337
86,20337
86,114468
86,114468
86,20337
86,189403
87,226967
87,165034
88,121050
88,71320
89,2227
89,175524
89,236401
90,232148
90,44368
91,140782
91,216187
91,129551
92,23657
92,52220
93,195300
93,30798
94,159778
94,60028
95,114241
95,65432
95,26150
95,26150
95,65432
96,12340
96,161577
97,186043
97,154924
97,231337
98,87291
98,89093
99,25484
99,33828
100,107379
100,83745
101,62
101,59128
102,16401
102,81148
102,81148
102,16401
102,101266
103,236871
103,200573
103,200573
103,128111
103,236871
104,150709
104,85892
105,155596
105,3356
105,149252
106,100303
106,227994
107,234607
107,233560
107,119455
107,119455
107,233560
108,232591
108,217626
108,16025
108,217626
108,232591
109,97986
109,149452
109,41272
109,149452
109,97986
110,141787
110,15424
110,90260
111,231069
111,130104
111,162348
111,162348
111,130104
111,231069
112,180675
112,141703
112,64340
112,141703
112,180675
113,236873
113,156736
113,236874
114,94879
114,47210
115,236403
115,166350
115,147893
115,236403
115,166350
115,147893
116,37560
116,111766
117,14918
117,1455
118,161657
118,186466
118,151344
119,62360
119,152002
119,157526
119,152002
119,62360
120,154933
120,131659
121,236876
121,33312
121,236877
121,236877
121,33312
122,68678
122,209704
122,84512
122,209704
122,68678
123,105480
123,200280
124,15004
124,42960
125,157228
125,178011
126,25488
126,175064
126,25488
126,175064
127,7226
127,61912
127,114292
128,52152
128,176753
129,132471
129,39716
130,129508
130,236405
130,15261
131,187860
131,23443
132,179358
132,236407
132,236408
132,179358
133,72133
133,48090
133,163668
133,48090
133,72133
133,163668
133,72133
134,198099
134,101390
134,9454
134,9454
134,101390
135,96736
135,48369
135,187159
136,155913
136,95094
137,159994
137,83407
138,236880
138,236879
139,2515
139,61217
140,209334
140,131570
140,67616
140,67616
140,209334
141,191640
141,142512
141,62781
142,34119
142,236409
142,207026
143,136710
143,47859
144,98891
144,61869
145,236881
145,84193
145,101732
145,101732
145,84193
145,236881
145,101732
145,84193
146,222749
146,86476
147,101910
147,66202
148,235222
148,159501
148,75382
148,159501
148,235222
149,177357
149,26239
150,236883
150,173808
150,53821
150,236883
150,173808
151,58124
151,236411
151,236412
151,236413
151,58124
151,236411
151,236412
151,236413
152,236884
152,184555
153,185172
153,15050
153,220245
153,226217
153,15050
153,185172
154,147152
154,170286
154,129309
154,135640
155,36974
155,21721
155,71551
155,176084
155,71551
155,21721
155,36974
156,208562
156,218097
156,174522
156,86719
156,208562
157,180960
157,48611
157,180960
157,52381
157,48611
158,16937
158,44341
158,44341
158,16937
158,104886
158,179913
159,236415
159,236414
159,189223
159,127962
160,176677
160,87509
161,228045
161,116283
161,237425
161,237424
162,166349
162,126313
163,237352
163,236376
163,115447
163,208922
164,162278
164,12881
164,162278
164,94056
165,233720
165,158320
165,86671
165,158320
165,233720
165,228272
165,86671
165,228272
166,112149
166,211804
166,147264
167,40321
167,90553
168,1991
168,20909
169,139711
169,44504
169,236887
170,62743
170,132446
170,200758
170,170937
171,65602
171,33927
171,236888
171,236889
171,65602
171,33927
171,236888
172,125380
172,237426
173,59067
173,216136
173,199718
173,29700
174,237429
174,237428
175,26079
175,4879
175,33671
175,68860
176,174585
176,236418
176,148706
176,181814
176,181814
176,148706
176,236418
177,38015
177,96724
177,38015
177,96724
178,236421
178,93801
178,181632
178,92290
178,236421
178,93801
178,181632
178,92290
179,156160
179,180992
179,184101
179,167901
179,167901
179,184101
179,180992
179,156160
180,15833
180,102458
180,223316
180,126203
181,132868
181,181933
181,236890
181,183710
181,236890
181,181933
181,132868
182,205781
182,139114
183,61203
183,237433
184,110894
184,139640
184,110894
184,139640
184,42381
184,134504
185,211247
185,49954
185,119615
185,158831
186,173418
186,126013
187,141369
187,146849
188,194196
188,185094
188,107008
188,203412
189,8606
189,236422
189,56420
189,75637
189,75637
189,8606
190,70328
190,97784
190,236891
190,232004
191,49963
191,186693
191,58184
191,186693
192,219960
192,199944
192,236424
193,148489
193,236892
193,236893
193,148489
193,236892
194,200405
194,236895
194,188920
194,200405
194,236895
194,94224
194,188920
194,236895
194,200405
195,156148
195,184878
195,230095
195,160418
196,236898
196,236897
196,236896
196,236897
196,236898
196,118789
197,136489
197,65023
197,152668
197,236425
198,236426
198,97311
198,148745
198,105887
199,76336
199,236427
199,50253
199,220477
199,220477
199,50253
199,236427
200,236428
200,201721
200,88333
200,48053
201,4663
201,237436
202,195438
202,26413
202,124288
202,26413
202,57659
202,195438
203,8078
203,131191
203,11861
203,71480
204,70871
204,88559
204,227827
204,72438
205,209740
205,226500
206,169129
206,35013
206,169129
206,35013
207,236431
207,69300
207,236430
208,56223
208,200193
208,165336
208,220946
209,13817
209,47260
209,13817
209,47260
209,204479
210,89542
210,4020
211,124154
211,55653
211,236899
211,52701
212,236432
212,20714
212,236433
212,230070
212,230070
212,236433
213,235978
213,223922
213,235978
213,223922
214,237354
214,237353
214,218474
214,86420
215,205426
215,112896
216,125338
216,134423
216,236434
216,150045
216,150045
216,134423
217,45732
217,237439
218,210386
218,228140
218,16123
218,162378
219,101000
219,236901
219,134652
220,103033
220,48116
220,50522
220,66288
220,103033
220,48116
220,66288
221,43746
221,237355
221,174034
221,64344
222,70716
222,192177
222,236903
222,31229
222,236903
222,192177
223,56280
223,202052
223,218072
223,81718
223,81718
223,218072
223,202052
223,56280
224,237443
224,134688
225,236904
225,217350
225,56793
225,113926
225,113926
225,56793
225,217350
225,236904
226,155302
226,102581
226,43628
226,102581
226,43628
227,233626
227,64149
227,236906
227,233626
227,64149
228,135372
228,48513
228,88585
228,189501
229,51873
229,84204
230,17112
230,230563
230,111033
230,236435
231,190086
231,143454
231,229220
232,222788
232,187076
232,236436
233,46312
233,190326
234,70407
234,236438
234,236437
234,70407
234,236438
234,236437
235,236439
235,230032
235,108104
235,190017
236,161244
236,218072
236,2404
236,171716
237,235175
237,228768
238,147235
238,141603
238,158776
238,236440
239,141033
239,102338
239,178011
239,142667
240,27023
240,120433
240,231666
240,13266
240,231666
240,120433
240,27023
240,120433
240,27023
241,57846
241,116164
241,195841
241,116164
241,195841
241,195841
241,118241
241,116164
241,57846
242,217302
242,142192
242,68072
242,217302
242,68072
242,142192
242,87958
243,168367
243,227516
244,211740
244,43543
244,149750
244,211740
244,43543
244,149750
245,2231
245,63566
246,37915
246,186693
247,187518
247,200545
247,101990
247,47659
248,236441
248,236442
248,236443
248,236444
249,219440
249,237356
249,129014
249,212716
250,3227
250,129965
251,187846
251,142582
251,129744
251,68343
251,68343
251,129744
251,142582
252,84617
252,168158
253,130095
253,201618
253,199183
253,150432
254,227254
254,207452
254,236910
254,236909
255,44628
255,46954
256,236447
256,108290
256,236446
256,881
257,104468
257,100776
258,228559
258,236448
258,236449
258,165784
259,237448
259,43236
260,187907
260,151149
260,109545
260,151149
260,187907
260,216333
261,127221
261,91981
261,2366
261,32188
262,174965
262,142203
262,43193
262,150507
262,150507
262,174965
263,220525
263,218119
264,236912
264,80707
264,55591
264,236911
265,151609
265,170398
266,69270
266,28056
267,222738
267,140138
267,207306
267,140138
267,222738
267,172540
268,74845
268,236450
268,236450
268,74845
268,19991
268,236451
268,236451
268,74845
268,236450
269,52228
269,131794
269,22036
269,131794
269,52228
269,46942
270,187432
270,102670
270,142688
270,8786
271,43301
271,89932
271,43301
271,89932
272,67243
272,149463
272,83647
272,80778
273,213910
273,171176
273,236452
273,236453
273,236454
274,63495
274,22304
274,227898
275,65977
275,166108
275,139093
275,190121
275,157854
276,236916
276,236915
276,236916
276,121848
276,90518
277,237454
277,181064
278,29969
278,211014
278,29969
278,154066
279,235723
279,134173
279,203972
279,23985
279,235723
280,39935
280,201262
280,52749
281,113536
281,84523
281,236456
281,20227
282,77099
282,31719
282,77099
282,31719
283,236458
283,137701
283,236458
283,137701
283,81456
284,89666
284,159329
285,236459
285,236460
285,67240
285,236461
285,194036
285,236461
285,67240
286,234824
286,109695
287,42075
287,27434
287,10200
288,237359
288,96764
289,34610
289,108285
289,8192
289,108285
289,236462
289,34610
289,159956
289,34610
289,108285
290,72520
290,55341
290,72520
290,55341
291,236463
291,200112
291,180314
291,139018
291,192091
291,192091
291,139018
291,180314
291,200112
291,236463
292,30255
292,875
292,42849
292,105253
293,158990
293,186183
293,65652
293,236919
294,162109
294,236921
294,236920
295,79670
295,59788
295,6797
295,61203
295,128032
295,61203
295,6797
295,59788
295,79670
296,113721
296,21883
296,191025
296,28875
296,148720
297,39022
297,178939
298,225060
298,17188
298,237459
298,78466
299,236466
299,172511
299,236465
300,236927
300,236926
300,236924
300,236927
300,236926
300,236925
300,236924
301,48369
301,218474
301,2488
301,236469
301,74307
302,184691
302,9518
302,68572
302,39777
302,236470
302,236470
302,39777
303,76151
303,111470
303,9697
304,113721
304,57932
304,229727
305,195314
305,127044
305,149698
305,236473
305,41128
305,127044
305,41128
305,195314
305,236473
305,149698
305,236473
305,41128
306,236474
306,93546
306,236475
306,93584
306,93731
307,186157
307,164348
307,236476
307,110550
307,164348
307,105329
308,127338
308,41958
309,59633
309,99647
309,207452
309,178727
309,104430
309,104430
309,207452
309,99647
310,236932
310,236931
310,236928
310,236930
310,236929
311,129200
311,177655
311,17783
311,114756
311,147547
312,236477
312,105434
313,96341
313,123511
314,237460
314,52197
314,157843
315,98196
315,107673
315,236933
315,123100
315,159161
316,125979
316,190541
316,218629
316,43733
316,224664
316,224664
316,43733
316,218629
316,190541
316,125979
317,222343
317,117737
317,33518
317,117737
318,109384
318,198217
318,57250
318,54598
319,64500
319,158774
319,169438
319,236934
319,46123
320,237362
320,237361
320,237360
320,193399
321,93177
321,24787
321,54515
321,236480
321,120329
321,236480
322,13318
322,237461
322,195819
323,104935
323,65604
323,74174
323,116115
323,102085
324,135950
324,200878
324,193952
324,193952
324,200878
324,135950
324,32455
324,20417
325,68124
325,36717
325,57027
325,57027
325,10743
325,36717
325,68124
325,47440
326,2138
326,118001
326,18084
326,121674
326,237363
327,2202
327,66290
327,199244
327,160823
327,43330
327,43330
327,160823
327,199244
327,66290
327,2202
328,39414
328,74337
328,165339
329,87656
329,116375
329,202939
329,64227
329,209726
330,183721
330,46553
331,119868
331,4364
331,80956
331,80956
331,5271
331,4364
331,99569
331,119868
332,119185
332,236481
332,119185
332,236481
332,125149
333,236482
333,198058
333,193639
333,236483
333,105654
333,105654
333,236483
333,193639
333,236482
334,129133
334,104994
334,16051
334,222255
334,167195
334,16051
334,222255
335,120615
335,60538
335,168997
335,120706
335,120615
335,60538
335,168997
336,172536
336,236936
336,236937
336,42035
336,66446
337,211725
337,16071
337,6211
337,220869
337,134077
338,3091
338,35142
339,131054
339,233239
340,84946
340,103804
340,235017
340,13566
340,137958
341,163842
341,77086
341,163842
341,77086
341,130010
342,178362
342,164574
342,236939
343,226242
343,237464
343,121558
344,41597
344,20173
344,32900
344,81966
345,57410
345,236940
345,206577
345,177372
345,210645
346,63776
346,163865
346,66294
346,139691
346,201715
346,201715
346,139691
346,66294
346,63776
346,201715
346,66294
346,63776
347,104554
347,237465
347,190092
348,98528
348,83136
348,236941
348,116351
349,83569
349,3699
349,227459
349,114837
349,193504
349,118583
349,185388
349,221921
349,66827
349,237334
349,143326
349,26319
349,17687
350,236485
350,33887
350,218223
350,139055
350,143789
351,37531
351,216453
351,193952
351,158064
351,144080
352,236943
352,236944
352,236945
352,206183
352,125430
352,125430
352,236943
352,206183
352,236944
353,6563
353,9321
353,4263
353,9321
353,236946
353,46020
353,6563
354,231452
354,136674
354,143164
354,236947
355,146111
355,96161
355,40805
356,168925
356,83845
356,143940
357,119800
357,117366
357,119800
357,74886
357,117366
357,53947
357,236950
358,162418
358,236951
358,53860
358,54694
358,1396
358,1396
358,53860
358,162418
358,54694
358,236951
359,172862
359,17860
359,157826
359,159904
359,9395
360,236486
360,95792
360,32066
360,32522
361,14861
361,45129
361,60654
361,202174
361,33115
362,70407
362,49095
362,79775
362,223487
363,16471
363,142606
363,38058
363,236488
363,236489
363,38058
363,142606
364,236492
364,236491
364,236490
364,31970
364,109934
365,223505
365,110870
365,236494
365,236493
365,21596
365,110870
365,21596
365,236493
365,236494
365,223505
366,19136
366,18437
366,18437
366,147760
366,19136
366,126417
366,47243
367,126634
367,182281
367,86063
367,155062
367,71382
367,71382
367,155062
368,170641
368,193660
368,34557
368,187556
368,111746
369,148213
369,236952
369,51932
369,73806
369,228089
369,148213
369,236952
369,51932
369,73806
369,228089
370,225217
370,210987
371,77648
371,33760
372,52969
372,233370
372,11219
372,70498
372,52969
372,70498
373,82095
373,86395
373,192801
373,20778
373,192801
373,20778
373,83249
373,86395
374,162579
374,38930
374,29194
374,12138
374,38930
374,162579
374,20168
375,135653
375,46327
375,80299
375,166968
375,101718
375,80299
375,135653
376,137824
376,62686
376,140799
377,63307
377,218474
377,90843
377,69208
377,11115
378,206468
378,236954
378,14112
378,187813
378,206468
378,236954
378,14112
378,230011
379,83986
379,136665
379,79691
379,167209
379,236955
380,8638
380,22154
380,139301
380,233332
380,17767
381,113310
381,174238
381,54447
381,216772
381,197279
382,85108
382,26072
382,235163
382,26072
382,85108
382,211549
382,106849
382,106849
382,235163
383,236498
383,236495
384,139615
384,236956
384,135094
384,158688
384,139615
384,236956
384,135094
385,96651
385,23743
385,173114
385,207562
385,5605
386,11363
386,88820
386,134322
386,164931
386,88820
386,164931
387,85713
387,63273
387,172288
387,85713
387,63273
388,236958
388,236957
388,27255
388,198690
388,236958
388,236957
389,145924
389,60516
389,206103
389,236500
389,236501
389,236500
390,142845
390,165485
390,119990
390,2741
390,165485
390,119990
390,2741
391,202052
391,68756
391,217406
391,136862
391,44829
391,44829
391,217406
391,202052
391,136862
391,68756
392,236959
392,13906
392,167369
392,166169
393,166697
393,125430
394,236502
394,44802
394,93627
394,178359
394,178359
394,31855
394,93627
394,44802
394,236502
395,182559
395,201927
395,236960
395,236960
395,201927
395,182559
395,279
395,37922
396,210249
396,236503
396,62177
396,76181
396,114138
396,62177
396,76181
397,184501
397,153184
397,192479
397,161648
397,232969
397,161648
397,153184
397,232969
397,192479
398,236963
398,153278
399,138938
399,78461
399,198480
399,194281
399,236504
400,236505
400,236506
400,236507
400,36820
400,209784
400,209784
400,236507
401,46169
401,67669
402,236964
402,219361
402,185500
402,92574
402,236965
402,92574
402,219361
402,185500
402,236964
403,237473
403,237472
403,6764
403,81718
404,44649
404,6413
404,236508
404,121650
404,121650
404,236508
404,6413
404,44649
404,43890
405,109640
405,9423
406,98153
406,12869
406,84671
407,30920
407,200722
407,103607
408,236510
408,219294
408,70621
408,144339
408,236509
408,70621
409,43116
409,796
409,190412
409,43116
409,796
410,230080
410,209445
411,112880
411,7310
411,140582
411,83712
411,200688
411,236512
411,236512
411,200688
411,140582
412,185249
412,220047
412,106745
412,236513
412,27445
412,73878
412,106745
412,27445
412,220047
412,185249
412,236513
413,153349
413,236514
413,162987
413,236515
413,222768
413,152768
413,162987
413,236514
413,153349
414,236517
414,23286
414,138363
414,236516
414,221340
414,184276
415,76838
415,195748
415,41856
415,130662
415,61665
415,143187
415,143187
415,61665
415,41856
415,76838
416,168695
416,170120
416,110050
416,223232
416,168695
416,223232
417,120465
417,36151
418,208331
418,145576
418,236967
418,185365
418,206896
418,236967
418,206896
418,145576
418,185365
418,208331
418,199235
419,37847
419,171238
419,156361
419,222019
419,222019
419,37847
420,126699
420,236518
420,39307
420,100991
420,126612
420,147032
421,46299
421,8755
422,236520
422,33972
422,215386
422,185609
422,215386
422,236519
422,207520
422,33972
422,236520
423,214283
423,181890
423,191387
424,74603
424,157625
424,169696
424,45017
425,236523
425,51325
425,165972
425,236522
426,118998
426,212173
426,168037
426,129779
426,27690
426,118998
426,212173
427,113117
427,161496
427,187263
427,121443
427,214963
427,13575
428,183019
428,97633
428,125557
428,183019
428,97633
428,202257
428,210326
428,236525
428,210326
428,236525
429,102108
429,193018
429,76091
429,155851
429,155851
429,76091
429,193018
429,102108
429,177008
429,236526
430,214345
430,220405
430,189578
430,8149
430,212588
431,236527
431,236528
431,99605
431,236529
431,236530
431,236531
432,219164
432,146301
432,236533
432,148887
432,236532
433,236971
433,236970
433,236969
433,236972
433,196940
433,236968
433,236968
433,196940
433,236969
433,236970
433,236971
433,236972
434,47038
434,63140
434,116037
434,118882
434,213229
434,118882
434,63140
434,213229
434,116037
434,213229
435,29192
435,30203
435,26580
435,236535
435,236534
435,26580
435,236534
435,30203
435,29192
435,236535
435,236536
436,212660
436,60061
436,43694
436,185686
436,63666
436,212660
436,60061
436,43694
436,185686
437,5348
437,22489
437,22540
437,137987
437,22540
437,174679
438,173629
438,58390
439,31970
439,37688
440,72050
440,42357
440,224524
440,236975
440,42357
440,236976
440,236977
440,72050
441,234834
441,236978
441,39236
441,236979
442,101452
442,222928
442,157581
442,233889
442,101452
442,236982
442,222928
442,236981
442,233889
442,157581
442,236981
442,222928
442,236982
442,101452
443,236984
443,221320
443,236985
443,236984
443,236983
443,221320
444,43086
444,185268
444,73281
444,34877
444,185268
444,233348
445,236539
445,166372
445,190214
445,222754
445,190214
445,222754
445,141572
446,216022
446,236987
446,35077
446,141339
446,236987
446,236988
446,216022
446,26902
447,236989
447,26607
447,76012
447,55101
447,2561
447,26607
447,76012
448,133067
448,145997
448,127785
448,194438
448,1736
448,232815
449,135544
449,34664
449,175244
449,182471
449,70535
449,52681
450,189501
450,187724
450,175300
450,195960
451,237480
451,170154
451,147898
451,237479
452,177658
452,1344
452,118621
452,204840
452,1344
452,118621
452,83489
452,15077
452,204840
452,118621
452,1344
452,177658
453,91319
453,27145
453,148109
453,41338
454,150216
454,74298
454,194919
454,83735
454,228050
454,78235
454,194919
454,83735
455,73153
455,236990
455,19609
455,141120
455,236991
455,102553
455,102553
455,19609
455,141120
455,236990
455,73153
456,47424
456,236542
456,200968
456,155410
456,236543
456,133180
456,47424
456,236542
456,200968
456,155410
456,236543
456,133180
456,133180
456,200968
456,47424
457,236544
457,39850
457,58613
457,117092
457,138313
457,207013
457,117092
457,207013
457,58613
457,39850
457,138313
457,236544
458,162193
458,174483
459,136854
459,194779
459,151750
460,188113
460,219119
460,56240
460,190929
460,186545
461,140524
461,161597
461,140524
461,236993
461,161597
461,162348
461,137251
462,83362
462,93797
463,236545
463,27204
463,48726
463,32882
463,206130
463,236546
463,236546
463,206130
463,236545
464,125930
464,121329
464,89432
464,121329
464,89432
465,80849
465,6296
465,236995
465,220766
465,149079
465,236995
465,220766
466,19347
466,99429
467,235419
467,166629
467,30082
467,115900
468,183280
468,226475
468,236997
468,104310
468,183280
468,226475
468,236997
468,104310
469,236550
469,205531
469,154051
469,216113
469,73541
470,127107
470,111830
470,214850
470,157626
470,127107
470,111830
471,70825
471,237000
471,70825
471,237000
471,159546
472,233906
472,234876
472,234846
472,123029
472,11093
472,125430
473,1039
473,183861
473,237002
473,3867
473,159275
473,114419
474,236553
474,236551
474,34560
474,40417
475,29579
475,89017
475,89017
475,173949
475,203639
475,125833
475,10510
475,29579
475,29579
475,125833
475,89017
475,203639
475,173949
476,186347
476,221955
476,60632
476,147234
476,98205
476,24314
476,147234
476,98205
476,24314
476,221955
476,186347
476,98205
476,147234
476,60632
477,215310
477,63745
478,198888
478,139373
478,75103
478,203715
478,234171
478,135750
479,121266
479,121305
479,200985
479,7552
479,237366
479,11959
480,27544
480,230945
480,48400
480,198361
480,27544
480,64395
480,230945
481,209206
481,30314
481,130184
481,87354
481,153806
481,98769
482,86411
482,138338
482,66202
482,72279
482,66202
482,232718
482,138338
482,37220
482,86411
483,236556
483,236555
483,122749
483,61615
484,37240
484,126932
485,207438
485,236558
485,52991
485,236558
486,69795
486,92491
486,92491
486,185412
486,69795
486,236560
486,225873
486,164421
487,185464
487,57290
487,223703
487,177880
487,150171
487,237003
487,150171
487,177880
487,185464
488,123819
488,144988
488,159467
488,203236
488,149469
488,229953
488,203236
488,159467
488,229953
488,144988
488,123819
489,65364
489,52685
489,72562
489,98121
489,176492
489,141651
489,141651
489,176492
489,98121
489,52685
490,202361
490,153581
490,188100
490,197821
490,197821
490,189925
490,188100
490,139703
490,153581
490,202361
491,197666
491,117957
491,197666
491,56609
491,203598
491,117957
491,153506
491,203598
492,236562
492,235188
492,98158
492,210771
492,210771
492,236561
492,235188
492,191598
492,98158
492,236562
493,202937
493,208922
493,105936
493,86356
493,27519
493,86356
493,27519
493,236563
494,229372
494,16646
494,5336
494,70027
494,234556
494,104611
494,234556
494,5336
494,70027
494,16646
494,229372
495,153804
495,21321
495,81718
495,126574
495,6764
495,198677
495,81718
495,6764
495,198677
496,209889
496,39408
496,200592
496,42563
496,193324
496,23703
497,236564
497,236565
497,172724
497,65689
497,193406
497,105769
497,105769
497,193406
497,236564
497,172724
497,236565
498,61648
498,112227
498,53236
498,129589
498,236566
498,53076
498,129589
498,53236
498,53076
498,236566
498,112227
498,61648
499,136242
499,78916
499,169493
499,58699
500,237006
500,67520
500,237005
500,24730
500,58588
501,163761
501,112973
501,163761
501,112973
502,188405
502,237008
502,113853
502,174942
502,237009
502,237007
502,237007
502,174942
502,113853
502,237008
502,188405
502,237009
503,3565
503,137461
503,151635
503,151635
503,137461
503,103828
503,115893
503,212756
503,3565
504,226647
504,35900
504,35900
504,192231
504,73411
504,122075
504,225874
504,226647
504,225874
504,122075
504,73411
504,192231
505,165382
505,237369
505,204412
505,165382
505,237367
506,98132
506,237010
506,76921
507,25837
507,188096
507,214633
508,206948
508,154936
509,237486
509,90326
510,83828
510,236569
510,148012
510,132505
510,83828
510,236569
510,148012
510,132505
511,27855
511,90365
511,200688
511,236571
511,166665
511,206541
511,166665
511,200688
511,236571
511,90365
511,27855
512,215068
512,237013
512,237012
512,237015
512,237014
513,204095
513,29387
513,237016
513,125662
513,127969
513,35392
513,29387
513,237016
514,119737
514,123
514,95505
514,189855
514,214251
514,95505
514,189855
515,174754
515,175918
516,143941
516,161482
516,143941
516,188093
516,161482
516,144023
516,235733
517,78400
517,208413
517,189693
517,67239
518,16055
518,208610
518,102468
518,237019
518,159516
518,211519
518,102468
518,16055
519,68072
519,237372
519,50779
519,60968
519,179119
519,197919
520,234885
520,156992
520,189247
520,152548
520,225806
521,1197
521,237488
521,233253
521,68744
521,230570
521,182570
522,90973
522,149792
522,237021
522,106222
522,90973
522,149792
522,237021
522,106222
523,237025
523,237024
523,237023
523,49316
524,227229
524,232158
524,236572
524,22998
524,214480
524,67641
525,182749
525,101559
525,237026
525,106407
525,237027
525,201189
525,237026
525,101559
526,148167
526,91967
526,71731
527,74823
527,108812
527,6719
527,149878
527,32508
527,229179
528,11316
528,165575
528,215005
528,195201
528,138037
529,36867
529,93847
529,237492
529,237491
529,237490
529,237489
530,201721
530,220946
530,134594
530,161413
530,134594
530,161413
531,164108
531,18468
531,129034
531,237030
531,86370
531,18468
531,125475
531,164108
531,125475
531,237030
531,86370
531,129034
532,167180
532,180086
532,216440
532,180277
532,216440
532,180086
532,167180
532,80337
532,106354
533,237033
533,28707
533,35194
533,164951
534,58589
534,75206
534,82285
534,141693
534,99215
534,108622
534,206561
534,99215
534,141693
534,75206
534,58589
535,80527
535,175236
535,15094
535,118883
535,1078
535,233282
536,223990
536,218364
536,177398
536,218364
537,159439
537,236576
537,102321
537,41655
537,43151
537,92123
538,236577
538,236578
538,102401
538,236579
538,186251
538,236580
538,131112
538,236580
538,236578
539,107148
539,114606
540,73950
540,184750
540,22051
540,111636
540,133220
541,188117
541,94089
541,81718
541,22481
542,217482
542,189131
542,143283
542,217482
542,143283
542,218362
542,201702
542,218362
543,237038
543,20610
543,212501
543,237036
543,177467
543,237038
543,20610
543,212501
543,237036
543,177467
544,218476
544,178779
544,119545
544,237040
544,9531
544,237041
544,236071
544,237041
544,237040
544,119545
544,178779
544,237041
544,237040
545,187949
545,44829
545,237498
546,71417
546,168684
546,236581
546,71417
546,168684
546,236581
546,236584
546,236583
547,236585
547,45949
547,77303
547,3316
547,6161
547,34470
547,236586
547,236586
547,34470
547,3316
547,77303
547,45949
548,63449
548,198272
548,109885
548,63636
548,237374
548,237373
548,197939
549,56564
549,50876
549,237502
549,200626
550,237042
550,16431
550,109476
550,109476
550,214960
550,16431
550,237042
550,131558
550,203277
550,137826
550,137826
550,214960
550,203277
550,131558
551,234
551,236587
551,31492
551,694
551,236588
551,221999
551,694
551,31492
551,221999
551,236587
551,114087
551,236588
551,234
552,141886
552,96161
552,189009
552,94224
552,204328
552,109098
553,237044
553,177463
553,177463
553,225372
553,237044
553,145173
553,237045
553,237046
553,103135
554,59205
554,230303
554,79573
554,10081
554,8863
554,8863
554,10081
554,79573
554,230303
554,227154
554,59205
554,163109
555,59224
555,28105
555,154741
555,16185
555,108548
555,154161
555,16185
555,28105
555,154741
555,54703
555,59224
556,47661
556,236590
556,236589
556,187958
556,163699
556,181488
556,236590
556,24936
556,47661
557,236594
557,83519
558,65701
558,224417
558,124135
558,13236
558,237048
558,237047
558,65701
558,237048
558,224417
558,124135
558,237047
558,13236
559,114615
559,114131
560,48269
560,153586
560,129180
560,45754
561,237049
561,159242
561,235004
561,119018
561,227073
561,235004
561,214891
562,208379
562,95678
562,168576
563,11636
563,237057
563,237056
563,16839
563,235913
563,19208
563,166472
563,54252
563,236720
563,236721
563,121695
563,108080
563,121695
563,236721
563,54252
563,236720
563,166472
563,121695
563,54252
564,237508
564,237507
564,140264
564,56168
565,237061
565,237060
565,237059
565,221209
565,175745
565,237058
565,37506
565,221209
565,237059
565,237060
565,237061
565,37506
565,237058
565,175745
566,171361
566,81578
566,29826
566,52732
566,171361
566,29826
566,81578
566,144897
566,207438
566,81578
566,144897
566,175601
566,175601
566,29826
567,39435
567,124818
568,195649
568,236595
568,109287
568,167479
568,101750
568,134793
568,233837
568,233837
568,167479
568,109287
568,195649
569,104297
569,131953
569,156592
569,107128
570,222928
570,225573
570,13006
570,95417
570,236596
571,141367
571,110450
571,209393
571,34167
572,173578
572,44402
572,197100
572,41892
572,6268
572,41093
572,151945
573,124845
573,125397
573,7213
573,29688
573,219352
573,205391
574,32272
574,139919
574,146856
574,150173
574,32272
574,139919
574,146856
574,237065
574,150173
574,237064
575,60424
575,230757
575,116097
576,152445
576,29981
576,83667
576,152445
576,159548
576,29981
576,120600
576,83667
576,152445
576,159548
576,29981
577,22036
577,47839
577,106464
577,163314
577,173302
577,236599
577,13211
577,173302
577,163314
577,47839
577,13211
577,236599
577,163314
577,173302
577,47839
577,22036
578,52165
578,54752
578,52165
578,172748
579,115099
579,232208
579,236600
579,120072
579,96904
579,124556
579,116725
579,96904
579,115099
580,136966
580,178059
580,202361
580,110628
580,165693
581,237070
581,187267
581,237069
581,77821
581,95656
582,13252
582,222708
582,224865
582,193130
582,11409
582,51391
582,216401
582,13252
582,222708
582,224865
582,193130
582,11409
582,51391
582,216401
583,79465
583,211118
583,61713
583,44870
583,193619
584,37926
584,22036
584,71521
584,236602
584,236601
584,37926
584,22036
584,71521
584,236602
585,131111
585,213037
586,59397
586,189223
586,188220
586,13626
586,63172
586,188220
586,63172
586,189223
586,59397
586,63172
586,189223
586,217609
586,114255
587,2404
587,218072
587,202076
587,115557
587,116630
587,39837
587,171201
587,2404
587,218072
587,202076
587,115557
588,179543
588,21337
588,143931
589,233476
589,64085
589,233476
589,64085
589,236604
589,31437
589,64884
589,143098
589,236603
590,111198
590,81321
590,166491
590,101882
590,163314
590,109693
590,14759
590,111198
590,81321
590,166491
590,101882
590,163314
590,109693
590,14759
591,115598
591,209787
591,237077
591,237078
591,189408
591,212846
591,237079
592,157995
592,131384
592,100383
592,188881
592,128437
592,28949
592,157995
592,131384
592,100383
592,188881
593,237084
593,237082
593,237084
593,237082
594,216297
594,93832
594,216297
594,119393
594,38762
594,93832
594,73515
594,93756
594,119393
594,38762
595,228501
595,152318
595,236606
595,236607
595,203289
595,213742
596,210890
596,57440
597,8100
597,32849
597,91698
597,152743
597,32849
597,91698
598,197862
598,60061
598,43694
598,124441
598,137073
598,8839
598,85842
599,237515
599,116174
599,87314
599,157350
599,237514
600,127603
600,10510
600,212100
600,62449
600,233707
600,6320
600,139067
600,127603
600,6320
601,68981
601,89504
602,152286
602,170568
602,226066
602,193820
602,193820
602,134800
603,99175
603,46823
603,227329
603,33924
603,91613
603,64025
603,126526
604,165507
604,132630
605,225571
605,7145
605,211112
605,143376
605,156698
606,236608
606,135673
606,202131
606,236609
606,215124
606,139315
606,236610
606,236610
606,139315
606,215124
606,135673
606,236608
606,236609
606,202131
607,186653
607,141774
607,22036
607,34377
607,233666
607,125430
607,226027
607,125430
607,233666
607,34377
607,22036
607,186653
608,13470
608,5074
608,42980
608,13470
608,5074
608,42980
609,236613
609,236612
609,146518
609,36811
609,236611
609,156214
609,36811
609,236611
610,215008
610,80243
610,220824
610,127811
610,199770
610,220824
610,80243
610,215008
610,34023
610,140673
611,203779
611,1344
611,223107
611,31010
612,220815
612,234531
612,234531
612,220815
612,124106
612,236614
612,236615
612,236616
612,17024
612,17024
612,236616
612,236615
612,124106
612,236616
612,236615
613,15023
613,120977
613,181522
613,138505
614,127868
614,88364
614,95103
614,194136
614,2309
614,127427
614,235982
614,235982
614,2309
614,194136
615,237524
615,237523
615,237522
615,237521
615,237520
615,150733
616,149979
616,237086
616,14537
616,122459
616,237086
616,122590
617,117546
617,237087
617,117141
617,22652
617,181942
617,30948
617,149668
618,85351
618,180369
618,194349
618,136653
618,178276
618,139003
618,85351
618,180369
618,194349
619,169194
619,131054
619,211537
619,114027
619,236617
619,165707
619,211537
619,112068
619,131054
619,236617
620,118787
620,182666
620,236618
620,187393
620,220253
620,103534
620,78509
621,203037
621,206029
621,161552
621,44834
621,173714
621,175566
621,204906
621,204906
621,175566
621,161552
621,173714
621,206029
621,44834
621,203037
622,134161
622,119830
622,105209
622,219879
622,134161
622,119830
622,105209
622,219879
622,78761
622,134161
622,51140
622,119830
622,105209
623,72809
623,112418
623,8573
623,66822
623,168379
623,121654
623,112418
624,179106
624,102901
624,189041
624,76387
624,167997
624,5475
624,29992
625,231917
625,200967
625,127317
625,10092
626,60257
626,236619
626,236620
626,24210
626,236621
626,29914
626,34755
626,24210
626,236619
626,34755
626,29914
626,24210
626,236619
626,60257
627,65063
627,183036
627,237525
627,186913
628,192147
628,40035
628,28601
628,28601
628,37499
628,111909
628,22619
628,48862
628,40035
628,192147
628,22619
628,37499
629,237527
629,35293
630,71353
630,236623
630,236622
630,151098
630,236623
630,52299
631,200431
631,159568
631,237090
631,200431
631,227154
631,123415
631,95727
631,237090
632,99647
632,153706
633,179527
633,5568
633,117778
633,31016
634,206844
634,166319
634,212899
634,45526
634,135980
634,45526
635,74091
635,106418
635,39670
635,104979
635,237091
635,142353
635,39670
635,21579
636,145244
636,220946
636,145244
636,105305
636,86604
636,220946
636,105305
636,86604
637,237532
637,105237
637,8213
637,193529
638,21660
638,114047
638,21660
638,114047
639,110535
639,28653
639,203902
639,142351
639,77550
639,107564
640,237096
640,54596
640,236944
640,237094
640,237093
640,236944
640,237093
641,237535
641,152724
641,130158
641,167216
642,230026
642,61163
642,124716
642,129162
642,233179
643,108847
643,209669
643,137727
643,236627
643,14927
643,223079
643,113355
644,53654
644,237540
644,193630
644,237538
644,5081
644,9600
645,113879
645,693
646,73514
646,52228
646,98462
646,224250
646,116630
646,52228
646,73514
646,79298
646,155526
647,48588
647,142582
647,14528
647,174740
647,54356
647,89100
647,174655
648,164126
648,2327
648,173593
648,84610
648,27346
648,19248
648,116047
649,42642
649,140017
649,187213
649,140017
649,87377
650,165311
650,227638
650,128564
650,165311
650,227638
651,236628
651,103500
651,104147
651,46914
651,95595
651,236629
651,94880
652,55671
652,118224
653,26878
653,133023
653,188812
653,158222
654,237543
654,237542
655,126750
655,163004
655,226439
655,126750
655,163004
656,119401
656,181610
656,234377
656,119401
656,181610
656,2108
656,139413
656,2108
656,92580
656,139413
657,96477
657,191118
657,183326
657,135461
657,225908
657,178165
658,73128
658,31683
658,65025
658,32216
658,164183
659,196458
659,120018
659,229460
659,222460
659,237101
659,6162
659,105498
659,229460
659,105498
659,120018
659,196458
659,6162
659,237101
659,222460
660,236637
660,136819
660,236636
660,94857
661,122499
661,236638
661,206816
661,190996
661,39834
661,61384
661,236638
661,190996
661,39834
661,122499
661,206816
661,61384
661,39834
661,172359
661,190996
661,206816
661,236638
661,122499
662,187331
662,237104
662,103735
662,104255
662,237102
662,215210
662,237103
662,237104
662,237102
663,101515
663,98570
663,6132
664,59550
664,154777
664,234360
664,170246
664,219234
665,127032
665,9138
665,138452
665,51070
665,163087
665,227246
665,237105
665,237105
665,227246
665,163087
665,51070
665,138452
665,9138
665,127032
666,70727
666,181323
666,86366
666,81970
666,130738
666,138342
666,136224
666,86366
666,181323
667,76467
667,235736
668,140344
668,65956
668,174105
668,201756
668,209119
668,237106
668,237107
668,140344
668,65956
668,174105
668,201756
668,209119
668,237106
668,237107
669,135103
669,179290
669,15466
670,119875
670,4726
670,234121
670,101809
670,237109
670,237108
670,187385
671,83589
671,64878
671,98877
671,50714
671,104763
671,226828
671,171371
671,226828
671,50714
671,98877
671,64878
671,83589
672,158498
672,28100
672,237552
672,18599
673,39250
673,29493
673,236642
673,46955
673,59428
673,109640
673,132450
673,46955
673,236642
673,39250
674,53935
674,220061
674,123433
674,10254
674,237110
674,107783
674,53935
674,123433
674,10254
675,140371
675,236643
675,206792
675,236644
675,236645
675,236646
675,236134
675,236647
676,237111
676,231629
676,28675
676,125214
676,395
677,202690
677,43334
677,131704
677,25276
677,56690
677,82600
677,39811
677,45975
677,39811
677,25276
677,131704
677,43334
677,202690
678,157834
678,149286
678,237377
678,121736
678,31235
678,125319
679,181881
679,74071
679,227358
680,91910
680,204971
680,138481
680,35524
680,43237
681,14069
681,114377
681,121028
682,210911
682,236651
682,141960
682,93942
682,5629
682,67385
682,172970
682,32422
682,172970
682,67385
682,5629
682,210911
683,112189
683,8858
683,148699
683,237115
683,141860
683,8858
683,112189
683,127565
683,158355
683,125471
683,125471
683,158355
683,127565
683,141860
683,237115
683,148699
684,93607
684,237117
684,237116
684,26770
684,93607
684,237117
684,237116
684,237118
684,121338
684,227052
685,237119
685,132380
685,139308
685,24626
685,132355
685,215604
685,92654
685,24626
685,132355
685,92654
685,193561
686,223104
686,200784
686,229434
686,87109
686,196654
687,228984
687,237120
687,171148
687,228984
687,237120
687,173343
687,44638
688,138059
688,130668
688,128437
688,138059
688,130668
688,70440
688,163736
688,12673
688,61619
688,229272
689,151586
689,237121
689,28864
689,237123
689,237122
689,21080
689,52869
689,28864
689,237122
690,49625
690,236652
690,134503
691,90635
691,185893
692,137314
692,72976
692,179348
692,219985
692,154211
693,66570
693,71971
693,125862
693,222224
694,218036
694,144940
694,237130
694,237129
694,237128
694,226022
694,232452
694,237127
694,237130
694,237129
694,237128
694,226022
694,237127
695,22622
695,222574
695,171414
695,237131
695,219880
695,80376
696,53573
696,70725
696,53573
696,167406
696,70725
696,180880
696,147087
696,201139
696,22521
697,236657
697,200277
697,73328
697,115321
697,236655
697,73328
697,214586
697,236657
698,200276
698,80249
698,80249
698,42391
698,148520
698,131398
698,99560
698,200276
698,143628
698,115028
699,203423
699,179878
699,20336
699,236659
699,236658
699,52053
699,60352
699,234794
699,203423
699,179878
699,20336
699,236659
699,60352
699,20336
699,236659
699,236658
699,60352
700,8351
700,201289
700,10824
700,8908
700,150140
701,68751
701,165962
701,194099
701,60068
701,190541
702,191025
702,14706
702,12964
702,164131
703,73901
703,214676
703,46170
703,214676
703,97145
703,90954
703,46170
704,63357
704,75464
704,87650
704,165620
704,75464
704,51874
704,190208
704,93315
704,63357
704,24956
704,75464
704,165620
704,87650
704,165620
704,87650
705,227301
705,172991
705,1344
705,151271
705,152905
705,227301
706,60241
706,111622
706,90129
706,104328
706,122683
706,60241
706,111622
706,90129
706,104328
707,233220
707,134624
707,29507
707,78680
707,55911
707,237135
707,55911
707,237134
707,225371
708,187573
708,115386
708,468
708,101667
708,110448
708,119467
708,152854
708,187573
708,110448
708,468
708,121147
709,237138
709,237137
709,237136
709,110222
709,124456
709,237138
709,237137
709,237136
709,84540
710,168534
710,120295
710,182786
710,161093
711,199339
711,92945
711,95658
711,237139
711,95658
711,237139
711,186350
711,29369
711,64477
712,163362
712,161349
712,173119
712,152905
712,132279
712,225319
712,120107
712,67641
713,151305
713,207502
713,173686
713,12866
713,80649
713,85822
713,237141
713,237140
713,80649
713,85822
713,237141
713,237140
714,98454
714,139375
715,236668
715,82279
715,31933
715,236667
715,236666
715,236665
715,236664
715,236663
715,236663
715,236664
715,236665
715,236666
715,236667
715,31933
715,82279
715,236668
715,236668
715,82279
715,31933
715,236666
715,236665
715,236664
715,236663
716,156609
716,80243
716,235120
716,185049
716,171200
716,80243
716,235120
716,185049
717,237143
717,237142
717,53505
717,25199
717,7069
718,116112
718,100702
718,37693
718,11098
719,50921
719,17048
719,237147
719,42141
719,211200
719,200883
719,93339
719,152267
720,54173
720,39182
720,468
720,43632
720,153426
720,188688
720,43632
720,468
721,42221
721,179276
721,236671
721,84771
721,74640
722,105964
722,113841
722,44368
722,216610
722,89873
722,5786
722,148803
722,37242
722,37242
722,216610
722,5786
722,44368
723,236674
723,141788
723,123572
723,210573
723,86640
723,236672
723,210573
723,86640
723,236672
724,237380
724,76028
724,139993
724,237379
724,199244
724,145285
725,178600
725,23116
725,197821
725,8986
725,71717
725,9302
725,122197
725,57419
725,122197
725,9302
725,57419
725,71717
725,23116
726,19260
726,18137
726,93247
726,236675
726,236676
726,168802
726,93247
726,236676
726,236675
726,14440
726,168802
727,213152
727,130567
727,90349
727,23216
728,89878
728,217255
728,13963
728,24287
728,80083
728,82255
729,10062
729,47859
729,10062
729,47859
729,143150
729,89234
729,89234
729,143150
729,236679
729,47859
729,98902
729,125702
729,205907
729,10062
730,51441
730,86252
730,146335
730,30902
730,47736
730,51441
730,30902
731,237150
731,237149
731,146760
732,179974
732,21772
732,236681
732,197817
732,236680
732,44485
732,183036
732,183036
732,44485
732,236680
732,197817
732,236681
732,21772
732,179974
732,232060
733,236683
733,100139
733,67092
733,111557
733,150864
733,206458
733,236683
733,150864
733,100139
733,9252
733,206458
733,67092
733,111557
734,206979
734,62296
734,39418
734,173017
735,237567
735,35725
735,135708
735,201469
735,27264
736,171987
736,177658
736,124716
736,49115
736,134129
736,100999
736,236684
736,126391
736,236684
736,124716
737,236685
737,16514
737,236687
737,103204
737,16514
737,236685
737,173779
737,168220
737,103204
737,236686
737,197003
737,236687
738,25833
738,193488
738,183067
738,221513
738,54263
738,59304
738,59304
738,54263
738,221513
738,84701
738,183067
738,82936
738,193488
738,25833
738,82936
738,221513
739,136919
739,116518
739,192463
739,181247
739,116518
740,195746
740,39271
740,59376
740,105284
740,232175
740,207562
740,69792
740,226342
740,207562
740,232175
740,59376
740,39271
740,195746
741,237154
741,87876
741,67743
741,57678
741,67743
741,172871
741,237154
742,97320
742,160085
742,236310
742,30949
743,237572
743,192407
743,170824
743,230114
743,237571
743,149377
743,782
744,237382
744,237381
744,32816
744,73049
744,62644
744,217992
744,64099
745,237385
745,50494
745,52619
746,88570
746,96916
746,95342
746,14924
746,18774
746,102950
746,73297
746,95419
746,95419
746,73297
746,102950
746,14924
746,95342
746,96916
747,173180
747,222646
747,124831
747,168096
747,173180
747,222646
748,11678
748,237159
748,237162
748,237161
748,237160
749,57781
749,12364
749,123041
750,81321
750,236690
750,236688
750,212472
750,236690
750,236689
750,236688
750,230807
750,236690
750,236689
751,84718
751,22240
751,115643
751,204128
751,236691
751,109708
751,2179
751,236692
751,236692
751,204128
751,115643
751,22240
751,84718
751,2179
751,236691
751,204128
752,68517
752,223373
752,162735
752,226342
752,68517
752,89766
752,36093
752,223373
753,154507
753,229959
753,68608
753,164573
753,154507
753,229959
753,68608
753,164573
754,58713
754,100507
754,58713
754,48229
754,44627
754,139452
754,119900
754,100507
755,152450
755,91764
755,920
755,21238
756,236697
756,141740
756,236694
756,207402
756,127915
757,159392
757,86324
757,64884
757,201745
757,211840
757,159392
757,86324
757,201745
757,211840
757,45134
757,159392
757,86324
757,148720
757,14706
757,64884
758,226299
758,143376
758,19244
758,119555
758,18200
758,59271
758,3719
758,19244
759,25113
759,113785
759,28588
759,25113
759,113785
759,28588
759,236700
759,236699
759,84892
759,236698
759,28588
759,236698
759,84892
759,236699
759,13509
759,113785
759,236700
759,25113
759,236700
759,84892
760,33049
760,47720
760,194972
760,3462
761,20668
761,224122
761,5039
761,236702
761,113654
761,178360
761,97185
761,178360
761,236702
761,113654
761,5039
761,224122
761,236703
761,20668
762,79997
762,32080
762,210629
762,157581
763,159311
763,236704
763,89175
763,123678
763,181414
763,50741
763,81168
763,236705
764,47929
764,69836
764,8266
764,38698
764,62717
764,236706
765,12609
765,220924
765,216785
765,190959
765,19912
766,237579
766,74234
766,155832
767,210346
767,27758
767,60858
767,187845
767,23414
767,210346
767,10092
767,27758
767,1231
767,10291
767,10092
767,10291
768,237390
768,237389
768,216974
768,38769
768,237388
768,139373
768,237387
768,184360
769,71131
769,12240
769,33372
769,49448
769,117634
769,237172
770,124824
770,77538
770,219592
770,165927
770,108856
770,23209
770,52250
770,179923
770,23209
770,52250
770,179923
771,168525
771,39438
771,178391
771,180386
771,234831
771,178391
771,177969
771,234831
771,180386
771,69810
771,36541
771,177969
771,178391
771,39438
771,168525
772,7538
772,219819
772,236711
772,236709
772,236708
772,236707
772,236709
772,236708
772,236707
773,235982
773,47664
773,65830
773,235982
773,47664
773,65830
773,18314
773,158991
774,237587
774,237586
774,237585
774,237584
774,237583
774,237582
774,237581
774,237580
775,200189
775,181178
775,70082
775,72620
775,174602
775,150887
775,143071
775,137803
776,17543
776,91607
776,232869
776,236712
776,52904
776,236713
776,24979
776,137061
776,236714
776,236714
776,236713
776,232869
776,236712
776,17543
777,124958
777,126507
777,237175
777,114135
777,124966
777,237176
777,237177
777,139393
777,75849
777,124966
777,114135
777,237175
777,126507
777,75849
777,237176
778,36390
778,25528
778,27877
778,151165
778,211842
779,227144
779,219958
779,106818
779,59263
779,189048
779,104751
779,227144
779,93827
779,219958
779,106818
779,59263
780,236715
780,171396
780,171396
780,229117
780,195207
780,217164
780,133904
780,52118
780,201697
780,23409
780,236715
780,23409
780,52118
780,133904
780,195207
780,229117
781,237182
781,41179
781,237182
781,41179
781,172343
781,222081
781,237180
781,237179
782,237184
782,176191
782,205561
782,31039
782,206614
782,14861
782,224257
782,176191
782,205561
783,223466
783,4022
783,162463
783,98153
783,47859
783,156401
783,162463
783,98153
783,47859
784,237189
784,237188
784,18084
784,100524
784,237185
784,212941
784,237186
784,73884
784,237187
784,237188
784,237189
784,212941
784,237185
784,100524
784,237189
784,237188
784,237187
784,73884
785,208203
785,236718
785,20087
785,10832
785,236212
785,147774
785,236717
785,63735
786,237394
786,155604
786,237393
786,108706
786,170395
786,175858
786,206619
786,235222
786,188340
787,3719
787,163342
787,149360
787,55573
787,73318
787,119609
787,3719
787,163342
787,149360
787,55573
787,73318
787,119609
788,210283
788,96674
788,137094
788,3217
788,101618
788,40924
788,101618
788,137094
788,96674
788,144896
788,81015
788,3217
788,21797
788,210283
789,237398
789,112123
789,237396
789,159401
789,60655
789,170347
789,221588
790,198969
790,237190
790,205433
790,237192
790,124218
790,105534
790,226937
790,53144
791,78698
791,236722
791,152849
791,91944
791,137858
791,236723
791,124166
791,204947
791,204703
791,204703
791,124166
791,91944
791,137858
791,152849
791,236722
791,78698
792,16530
792,228570
792,217223
792,212112
792,78914
792,236724
792,175669
792,58609
792,102304
793,182044
793,189183
793,236725
793,177996
793,182044
793,233634
793,236726
793,189183
793,182044
793,233634
793,122793
793,177996
793,236725
793,162907
793,189183
793,225261
793,236726
793,233634
793,182044
794,165243
794,55912
794,133640
794,134161
794,78276
794,107206
794,97261
794,17277
794,172374
794,55912
794,165243
795,223377
795,236728
795,1398
795,223377
795,236728
795,1398
795,88246
795,236727
795,88246
795,203550
795,88246
795,50759
795,236727
795,112925
796,237194
796,80188
796,166491
796,157184
796,156729
796,237194
796,80188
796,13785
796,166491
796,157184
796,145311
796,156729
797,167416
797,71786
797,236729
797,98254
797,145601
797,90003
797,216607
797,98254
797,48704
797,236729
797,6290
797,71786
797,167416
798,189010
798,197590
799,237588
799,58806
799,138074
799,237589
799,115600
800,179087
800,5014
800,14278
800,17160
800,237195
801,99647
801,116417
801,83893
802,97803
802,54678
802,48085
802,237197
802,237196
802,230249
802,196061
802,217899
802,20107
802,97803
802,54678
802,237197
802,237196
802,230249
803,232940
803,175707
803,141652
803,109566
803,232940
803,91534
803,87704
803,91534
804,69809
804,237200
805,77089
805,54740
805,237201
805,63703
806,237402
806,237401
806,61256
806,237400
806,134585
806,237399
806,222375
806,147722
806,223283
807,229731
807,25653
807,56924
807,75416
807,97103
807,150461
807,63241
807,159768
807,71389
807,229731
807,25653
807,56924
807,75416
807,97103
807,150461
807,63241
807,159768
807,71389
808,170112
808,9423
808,236731
808,119016
808,97949
808,118243
809,196011
809,82351
809,56426
810,9142
810,237205
810,150808
810,47971
810,157066
810,212669
810,237206
810,182987
810,181487
811,58633
811,194628
811,72151
811,58633
811,237209
811,194628
811,72151
811,237208
812,237210
812,129696
812,53474
812,16431
812,71088
812,44774
812,237210
812,129696
812,53474
812,16431
812,71088
812,44774
812,142942
812,236077
813,217558
813,83576
813,235432
813,204207
813,68484
813,54970
814,225745
814,225119
814,211401
814,228599
814,205956
814,170810
814,236738
814,51140
814,194570
815,126283
815,211798
815,207754
815,237212
815,58188
815,237211
815,237214
815,237213
815,237211
815,58188
815,237212
815,125816
815,237213
815,207754
815,237214
815,211798
815,126283
816,55788
816,215416
816,207290
816,190739
816,137072
816,167023
816,228520
816,55788
816,215416
816,207290
816,190739
816,137072
816,167023
816,228520
816,55788
816,215416
816,207290
816,137072
816,167023
816,228520
816,105905
816,237215
817,45573
817,54534
817,236742
817,199111
817,236741
817,236739
817,236741
817,236739
817,45573
817,54534
817,236742
817,199111
817,148463
817,236740
818,77416
818,120530
818,6755
818,60291
818,237218
818,212159
818,111815
818,77416
818,120530
818,60291
818,6755
818,111815
819,111118
819,227819
819,237404
819,110276
819,170388
819,237403
819,135888
820,185268
820,109144
820,88572
820,191045
821,47462
821,237593
821,237592
821,95018
821,54051
822,6128
822,236743
822,236743
822,141824
822,236744
822,38640
822,6128
822,74263
822,175446
822,43806
822,9677
822,9677
822,175446
822,38640
822,236744
822,141824
823,222159
823,129836
823,222931
823,132699
823,227728
823,25367
823,125607
823,143436
824,57905
824,58285
824,22108
824,171115
824,230651
824,15629
824,36549
824,57905
824,22108
824,157207
824,171115
824,157207
824,230651
824,36549
825,23919
825,133232
825,230570
825,193399
825,210115
825,17354
825,156809
825,202980
825,181345
825,156809
825,193399
825,202980
825,23919
826,101902
826,202482
826,78687
826,204940
826,187582
826,34038
826,232522
826,125353
827,186589
827,59015
827,216744
828,41916
828,215520
828,5328
828,236747
828,4568
828,211749
828,236748
828,84640
828,236749
828,211749
828,4568
828,236747
828,5328
828,215520
828,41916
829,174487
829,126443
829,98181
829,140956
829,237595
829,55977
830,154087
830,208827
830,201791
830,80144
830,108426
830,236750
830,154185
830,145447
830,40297
830,40297
830,145447
830,154185
831,90560
831,29700
831,190086
831,173119
831,118126
831,226048
831,29700
831,140782
832,237222
832,224962
832,237222
832,224962
832,237220
832,237221
832,193420
832,15743
832,182851
832,46993
833,25634
833,178679
833,185006
833,190220
833,178679
833,190220
833,25634
833,178679
833,185006
833,190220
833,91868
834,237223
834,113207
834,87137
834,236589
834,173419
834,184314
834,249
834,173419
834,137032
834,184314
834,249
834,173419
834,237223
834,87137
834,35210
834,184314
834,249
834,236589
835,162177
835,130414
835,205014
835,31308
835,184405
835,118621
835,109479
835,67743
835,67743
835,109479
835,31308
835,111909
835,118621
835,205014
835,130414
835,162177
835,184405
836,52289
836,1336
836,7066
836,210156
836,146520
836,169137
836,82662
836,145954
837,208399
837,168129
837,69797
837,236755
837,83921
837,96711
837,236753
838,55769
838,195098
838,180526
838,208865
838,236757
838,192201
838,236756
839,75961
839,8711
839,236760
839,102958
839,25626
839,228091
839,8711
839,236760
839,102958
839,134530
839,236759
839,236758
840,107150
840,70594
840,237599
840,237597
840,205454
840,107150
840,31655
840,202405
841,80392
841,44263
842,151499
842,151806
842,112305
842,28214
843,237230
843,55477
843,237230
843,55477
843,237228
843,237227
843,115889
844,94468
844,97532
844,117469
844,45830
844,23467
844,8101
845,36512
845,236763
845,93126
845,120294
845,236764
845,36512
845,236763
845,167083
845,160710
845,93126
845,120294
845,105300
845,236764
845,36512
845,236763
845,167083
845,160710
845,93126
845,120294
845,167083
845,160710
846,230510
846,62672
846,236769
846,236768
846,205094
846,236765
847,162489
847,198610
847,13580
847,152393
847,208064
847,36324
847,144133
847,52481
847,52481
847,144133
847,36324
847,208064
847,152393
847,13580
847,112473
847,198610
847,162489
848,153294
848,237233
848,90514
848,226008
848,28542
848,175829
848,153294
848,176619
848,237233
848,90514
848,226008
848,28542
848,153294
848,90514
848,226008
848,28542
849,237607
849,75987
849,237606
849,237601
849,79253
849,237603
849,237602
850,39773
850,145717
850,236771
850,35530
850,185573
850,79927
850,236770
850,17905
850,35530
850,17905
850,236770
850,204329
850,236771
850,145717
850,39773
850,79927
850,185573
850,185573
850,79927
850,39773
850,145717
850,236771
850,236770
850,17905
850,35530
851,62061
851,124845
851,219177
851,69570
851,62061
851,218669
851,158198
851,219177
851,180993
851,36788
852,53748
852,36689
853,237406
853,179985
853,148588
853,230517
853,198626
853,107471
853,12536
853,226250
854,170211
854,29036
854,144349
854,142582
854,29036
854,202167
854,134579
854,190273
854,144349
854,142582
854,2864
854,21762
855,166599
855,190841
855,19717
855,129700
855,166901
855,236772
856,237618
856,237617
856,237616
856,237613
856,237611
857,59344
857,68450
857,177019
857,236775
857,15027
857,131461
857,129262
857,23678
857,236776
857,177019
857,68450
857,236776
857,59344
858,237234
858,218848
858,59743
858,207078
858,126881
858,6233
858,2570
858,163566
858,124007
858,237234
858,59743
858,207078
859,173441
859,220037
859,50798
859,26879
859,214907
859,220046
860,44765
860,117934
860,226109
860,127072
860,169678
861,216399
861,71773
861,132826
861,200186
861,171269
861,236777
861,60413
861,236778
861,160201
862,124620
862,106094
862,111341
862,39733
862,237237
862,165516
862,39300
862,232880
862,154970
862,165516
862,39300
862,154970
863,221803
863,236779
863,64309
863,175740
863,52597
863,80058
863,36741
863,236780
863,180325
863,236779
863,64309
863,175740
863,36741
864,178864
864,41024
864,178864
864,41024
864,91045
864,75000
864,237238
864,69329
864,107118
865,93030
865,179855
865,156659
865,202610
865,148508
865,20679
865,214490
865,183294
865,179855
865,236781
865,20679
865,148508
865,202610
865,93030
865,183294
865,214490
865,156659
866,95677
866,115811
866,49249
866,1487
866,191080
866,100042
866,167008
866,49249
866,236782
866,1487
867,237239
867,180185
867,196976
867,53234
867,21214
867,237240
867,87826
867,237241
867,98226
867,98226
867,237241
867,87826
867,237240
867,196976
867,53234
867,180185
867,237239
868,236788
868,220253
868,236786
868,117863
868,236785
868,148509
868,236784
868,236783
868,27847
868,236788
868,236783
868,27847
869,65137
869,237242
869,210418
869,40199
869,81731
869,115654
869,237243
869,65137
869,237242
869,210418
869,44703
869,40199
869,81731
869,115654
870,235438
870,236789
870,234385
870,98788
870,103414
870,145447
870,62488
870,62488
870,103414
870,98788
870,234385
870,236789
870,235438
870,145447
870,59145
870,236790
870,179801
871,91052
871,193885
871,182428
871,236793
871,184395
871,9819
871,70121
871,182428
871,236793
871,184395
871,9819
871,185209
871,236792
872,90286
872,42165
872,231010
872,134993
872,204862
872,231010
872,204862
872,121185
872,195127
872,121185
872,123839
872,195127
872,222903
872,94782
873,148120
873,18076
873,112646
873,236794
873,15119
873,236795
873,236796
873,236797
873,45632
873,236798
874,176276
874,187624
875,94295
875,237620
875,193624
875,178343
876,197499
876,19065
876,113721
876,233023
876,197499
876,19065
876,113721
876,110952
876,2596
876,233023
876,221146
876,233023
876,19065
876,30187
877,237253
877,190107
877,237252
877,237251
877,237250
877,237249
877,237248
877,237247
877,237246
877,237245
878,216679
878,237255
878,52291
878,173816
878,135592
878,230946
878,86278
878,237254
878,127661
878,135592
878,67155
878,173816
878,127661
878,52291
878,237254
878,237255
878,86278
878,230946
878,216679
879,236801
879,236800
879,236799
879,226489
879,53005
879,194036
879,213351
879,36678
879,218374
879,218374
879,36678
879,7157
879,213351
879,194036
879,236799
879,236800
879,53005
879,226489
879,236801
880,135207
880,150064
880,156592
880,31941
881,15636
881,169783
881,120575
881,236803
881,190305
882,237263
882,237259
882,155783
882,237256
883,44925
883,174
883,236806
883,109497
883,194336
883,52357
883,236807
883,44644
883,162860
883,236808
883,44925
883,174
883,236806
883,109497
883,194336
883,52357
883,236807
883,44644
883,162860
883,236808
884,13963
884,76864
884,99415
884,132664
884,132664
884,194336
884,99415
884,76864
884,138546
884,5352
884,13963
884,103253
884,151945
884,158951
885,22778
885,44870
885,101044
885,176015
885,51336
885,2448
885,224478
885,22778
885,224478
885,101044
885,176015
885,2448
886,171305
886,225261
886,143201
886,108522
886,116468
886,171305
886,225261
886,143201
886,42800
886,35137
886,189132
886,108522
886,116468
886,236809
886,155880
887,236810
887,75996
887,78678
887,236077
887,194339
887,235529
887,3144
887,145073
887,33234
888,184573
888,162804
888,92754
888,180098
888,122789
888,236813
888,236812
888,236811
888,52304
888,65634
889,103490
889,38966
889,237265
889,60052
889,237264
889,66575
889,38966
889,237265
890,64765
890,119504
890,11880
890,227031
890,64479
890,151748
890,33521
890,67475
890,237622
891,237267
891,87664
891,92349
891,237269
891,38846
891,100220
891,165291
891,47877
891,165291
891,47877
892,57659
892,91600
892,29273
892,236173
892,1510
892,226698
892,29273
892,236173
892,167944
893,119758
893,3662
893,10449
893,237412
893,237413
893,126603
894,93864
894,1896
894,213621
894,217204
895,133331
895,103939
895,237416
895,145936
895,232718
895,145048
895,176441
895,237415
896,199827
896,237627
896,237626
896,88844
896,237625
896,71531
896,237624
896,188630
897,142944
897,81075
897,120048
897,222818
897,111762
897,53534
897,39333
897,226425
897,237270
897,237271
897,226425
897,39333
897,111762
897,222818
897,120048
898,126986
898,237276
898,37414
898,237273
898,237272
898,126986
898,237276
898,37414
898,237272
898,93354
898,186038
899,155403
899,190797
899,42141
899,62601
899,42141
899,62601
899,5383
899,118361
899,45431
900,137360
900,34733
900,105215
900,139668
900,222421
900,170243
900,34146
900,203368
900,174
901,19851
901,68594
901,57313
901,18997
902,81321
902,192432
902,96629
902,229868
902,163314
902,200061
902,166491
902,192161
902,81321
902,192432
902,96629
902,229868
902,163314
902,200061
902,192161
903,139233
903,145552
903,149398
903,89949
903,159791
903,134578
903,26591
903,237629
904,107780
904,237281
904,97824
904,110171
904,117365
904,26433
904,45498
904,149996
904,64119
904,41793
904,41793
904,64119
904,149996
904,45498
904,97824
904,107780
904,117365
904,237281
904,26433
904,117365
905,98204
905,185287
905,185112
905,236820
905,236819
905,236818
905,180610
905,185112
905,43609
905,185287
905,105509
905,98204
905,236818
905,57183
905,236819
905,236820
906,148372
906,178030
906,236821
906,218362
906,77320
906,113460
906,176327
906,90753
906,113460
906,236821
906,210197
906,178030
906,148372
906,77320
906,90753
906,218362
906,176327
906,152905
907,27936
907,2202
907,237283
907,237282
908,237288
908,45812
908,18329
908,1875
908,237285
908,6225
908,1875
908,237287
908,237285
909,70968
909,237630
909,54829
909,66222
910,233111
910,195392
910,170481
910,114711
910,150086
910,44982
910,85596
910,233494
910,44982
910,85596
910,233494
910,150086
910,114711
910,170481
910,233494
910,146832
910,85596
910,44982
910,195392
910,236822
910,233111
910,233111
910,170481
910,114711
910,150086
911,26137
911,154765
911,8486
911,36962
911,154765
911,186746
911,110155
912,201595
912,75246
913,68847
913,136024
913,7843
913,68847
913,136024
913,7843
913,163231
913,23821
913,136024
913,163231
913,23821
913,114147
913,218428
913,178413
914,226235
914,108281
914,152535
915,236827
915,173240
915,236824
915,114606
915,180577
916,237638
916,237635
916,237637
916,23842
916,58412
917,47260
917,104297
917,237299
917,104297
917,56540
917,237299
918,237642
918,37406
918,237640
918,105459
918,237641
918,76481
919,121240
919,193721
919,104337
919,222795
919,104337
919,157380
919,222795
919,157380
919,177492
919,203327
920,67964
920,32360
920,90717
920,84468
920,204622
920,166109
921,173305
921,183073
921,234631
921,34719
921,118621
921,166491
921,87291
921,68343
921,33789
921,95030
921,33789
921,87291
921,118621
921,173305
922,110165
922,227428
922,187461
922,15900
922,210206
922,236831
922,214191
922,213727
922,105203
922,36578
922,36578
922,214191
922,236831
922,210206
922,187461
922,110165
923,51766
923,236832
923,27181
923,43220
923,236832
923,134509
923,59960
923,43220
923,111237
923,51766
923,236833
923,113552
923,27181
923,85351
924,237301
924,134797
924,182827
924,230530
924,99287
924,134797
924,237301
924,237302
924,237303
924,212946
924,108663
924,148420
924,148420
924,182827
925,194036
925,17456
925,236127
925,60769
925,94149
925,46344
925,236127
925,60769
926,187949
926,210156
926,151951
926,126369
926,95430
926,77102
926,192801
926,64313
926,167098
927,227810
927,215920
927,237648
927,237646
928,34023
928,171716
928,218181
928,34488
928,164456
929,225751
929,236834
929,63455
929,120803
929,236836
929,95884
930,218072
930,224290
930,137290
930,34344
930,231001
930,90227
930,170289
931,193397
931,157803
931,87107
931,198418
931,18122
931,18122
931,198418
931,71058
931,189512
931,190848
931,87107
931,126140
931,79116
931,157803
931,193397
932,156517
932,101488
932,199231
932,104278
932,153359
932,905
932,30046
932,905
932,101488
932,156517
932,153359
932,104278
932,167868
932,199231
932,220137
932,16699
933,27767
933,52454
933,161586
933,97190
934,96111
934,79254
935,236839
935,236838
935,236838
935,236837
935,206752
935,236839
935,107074
935,221084
935,236837
935,236838
935,236839
935,206752
935,236840
935,233666
935,146314
935,213620
936,223657
936,192147
936,82960
936,192147
936,174572
936,62267
936,218986
936,173369
936,219799
936,78008
936,223657
936,31587
936,31587
936,219799
936,173369
936,82960
936,223657
936,192147
936,219799
936,173369
936,218986
936,62267
937,53342
937,50229
937,157019
937,207593
937,236841
937,154024
937,101242
937,72881
937,128161
937,138059
937,72881
937,138059
938,112449
938,223596
938,233239
938,111447
939,237651
939,70407
939,50585
939,170983
940,64953
940,30616
940,184070
940,97582
940,113666
941,21574
941,236842
941,194194
941,38459
941,38459
941,185311
942,214409
942,237656
942,237655
942,237654
942,36680
942,207361
942,64840
943,204707
943,15381
943,237312
943,237316
943,237315
943,237314
944,96617
944,151985
944,66195
944,136704
944,225889
944,96617
944,151985
944,225889
944,79650
944,2561
945,104155
945,76091
945,184887
945,104155
945,100249
945,47510
945,130122
945,188834
946,237323
946,24700
946,237322
946,237320
946,213691
946,137991
946,211249
946,237319
947,215844
947,216094
947,103057
947,54636
947,191269
947,156292
947,146120
947,69775
947,212173
947,7235
947,215844
947,216094
947,103057
947,54636
947,191269
947,156292
947,146120
947,69775
947,212173
947,7235
948,237328
948,237325
948,192811
948,237324
948,66184
948,59550
949,145786
949,58487
949,237333
949,116298
949,142153
949,237331
949,237330
949,237329
949,145786
949,58487
949,116298
949,142153
949,237332
949,237331
949,237330
949,237329
950,34088
950,236845
950,197862
950,236845
950,197862
950,236847
950,102583
950,236848
950,101622
950,86324
950,236847
950,102583
951,237660
951,237659
951,214787
951,130623
951,86286
951,53008
951,129434
951,237658
952,226969
952,72015
952,130168
952,226969
952,124556
952,130168
952,103603
952,130504
953,1156
953,187425
954,180794
954,28935
954,65438
954,5491
954,190079
954,148858
955,174668
955,175400
955,74505
955,95211
955,221570
955,104680
955,139822
955,237337
955,237336
955,174668
955,175400
955,74505
955,221570
955,139822
955,237337
955,237336
956,205097
956,148132
956,39778
956,37673
956,46787
956,101882
956,46787
956,230476
956,175506
956,149252
956,175506
956,149252
956,101882
957,203680
957,219884
957,149961
957,149298
957,110085
958,236851
958,1816
958,236850
958,145171
958,233348
959,31859
959,184089
959,40889
959,230078
959,18303
959,121148
959,216603
959,31859
959,184089
959,237341
959,40889
959,73362
960,127385
960,93285
960,116426
960,53544
960,118953
960,53544
960,127385
960,93285
960,236853
960,116426
960,118953
960,156257
960,136369
960,127385
960,236854
960,93285
960,116426
961,46134
961,56857
961,80939
961,44541
961,952
961,209805
961,236856
961,206280
961,14738
961,236855
962,96613
962,83480
962,89819
962,221860
963,16009
963,26149
963,237346
963,9721
963,237346
963,26149
963,228384
963,4923
963,55229
963,16009
963,237347
963,237348
963,237349
963,237349
963,237347
963,4923
964,231998
964,203234
964,237350
964,202826
964,53924
964,96302
964,191840
964,237351
964,212088
964,54904
964,54904
964,212088
964,191840
964,96302
964,237350
964,203234
964,231998
