session ID,bundle ID
0,0
0,1
1,2
1,3
1,4
2,5
2,6
3,7
3,8
4,9
4,10
5,11
5,12
5,13
764,14
7,15
7,16
8,17
8,18
8,19
8,20
9,21
9,22
9,23
9,24
664,25
11,26
11,27
11,28
11,29
12,30
13,31
13,32
14,33
14,34
15,35
15,36
16,37
16,38
17,39
17,40
18,41
18,42
19,43
260,44
260,45
21,46
21,47
483,48
483,49
23,50
24,51
24,52
25,53
25,54
26,55
26,56
390,57
390,58
28,59
28,60
229,61
30,62
30,63
30,64
733,65
32,66
32,67
33,68
34,69
35,70
36,71
36,72
36,73
36,74
36,75
36,76
37,77
38,78
38,79
39,80
39,81
40,82
40,83
40,84
40,85
41,86
41,87
41,88
41,89
42,90
42,91
43,92
43,93
43,94
44,95
212,96
474,97
47,98
48,99
48,100
49,101
49,102
49,103
50,104
51,105
52,106
52,107
52,108
53,109
53,110
54,111
54,112
437,113
56,114
57,115
57,116
58,117
58,118
59,119
60,120
61,121
61,122
62,123
62,124
63,125
64,126
65,127
65,128
65,129
66,130
66,131
67,132
68,133
68,134
69,135
69,136
70,137
70,138
71,139
72,140
72,141
73,142
74,143
74,144
74,145
75,146
76,147
77,148
78,149
79,150
712,151
414,152
82,153
82,154
83,155
83,156
83,157
84,158
84,159
84,160
84,161
85,162
85,163
85,164
86,165
87,166
346,167
89,168
90,169
27,170
277,171
93,172
93,173
94,174
95,175
95,176
96,177
97,178
97,179
98,180
98,181
98,182
99,183
760,184
760,185
101,186
101,187
102,188
102,189
102,190
103,191
104,192
104,193
104,194
105,195
105,196
105,197
106,198
107,199
107,200
107,201
108,202
108,203
739,204
110,205
110,206
111,207
111,208
112,209
113,210
114,211
114,212
114,213
115,214
116,215
393,216
118,217
119,218
119,219
120,220
120,221
120,222
121,223
121,224
121,225
121,226
121,227
121,228
122,229
123,230
123,231
124,232
124,233
124,234
125,235
125,236
126,237
126,238
126,239
127,240
128,241
129,242
129,243
129,244
130,245
130,246
131,247
131,248
131,249
132,250
132,251
132,252
133,253
134,254
134,255
134,256
135,257
135,258
135,259
22,260
22,261
137,262
138,263
139,264
139,265
140,266
141,267
141,268
142,269
142,270
143,271
144,272
144,273
145,274
146,275
146,276
147,277
148,278
148,279
726,280
738,281
151,282
152,283
152,284
153,285
153,286
153,287
154,288
814,289
156,290
156,291
156,292
156,293
786,294
786,295
158,296
158,297
159,298
159,299
160,300
160,301
161,302
161,303
162,304
162,305
163,306
163,307
163,308
164,309
164,310
165,311
166,312
167,313
167,314
168,315
168,316
168,317
169,318
170,319
170,320
171,321
171,322
172,323
172,324
172,325
172,326
172,327
173,328
174,329
174,330
174,331
175,332
175,333
176,334
176,335
177,336
443,337
804,338
288,339
181,340
182,341
183,342
183,343
184,344
184,345
185,346
186,347
186,348
187,349
188,350
188,351
189,352
190,353
190,354
191,355
191,356
192,357
193,358
193,359
193,360
194,361
195,362
195,363
195,364
196,365
196,366
197,367
198,368
199,369
200,370
200,371
201,372
202,373
202,374
203,375
203,376
204,377
204,378
204,379
205,380
205,381
205,382
206,383
207,384
207,385
207,386
208,387
209,388
209,389
209,390
210,391
211,392
805,393
213,394
213,395
214,396
215,397
215,398
216,399
217,400
217,401
217,402
218,403
218,404
218,405
219,406
359,407
221,408
221,409
221,410
221,411
222,412
222,413
222,414
223,415
224,416
224,417
642,418
226,419
226,420
227,421
228,422
228,423
429,424
429,425
429,426
230,427
231,428
231,429
232,430
233,431
234,432
234,433
725,434
236,435
236,436
237,437
237,438
238,439
238,440
238,441
239,442
239,443
240,444
240,445
241,446
241,447
242,448
242,449
243,450
243,451
243,452
243,453
244,454
244,455
245,456
246,457
246,458
247,459
248,460
248,461
249,462
495,463
251,464
252,465
253,466
253,467
253,468
253,469
253,470
253,471
254,472
254,473
254,474
255,475
255,476
256,477
256,478
257,479
257,480
258,481
258,482
258,483
259,484
117,485
261,486
262,487
263,488
263,489
263,490
874,491
265,492
265,493
265,494
266,495
266,496
266,497
267,498
268,499
268,500
269,501
269,502
770,503
271,504
271,505
272,506
273,507
273,508
274,509
264,510
276,511
276,512
276,513
276,514
276,515
621,516
278,517
278,518
279,519
280,520
280,521
281,522
281,523
282,524
282,525
282,526
282,527
283,528
283,529
283,530
283,531
585,532
285,533
285,534
286,535
286,536
287,537
287,538
578,539
289,540
289,541
290,542
290,543
291,544
292,545
293,546
293,547
293,548
294,549
294,550
295,551
296,552
297,553
298,554
299,555
299,556
299,557
300,558
300,559
300,560
301,561
302,562
302,563
303,564
304,565
304,566
305,567
305,568
306,569
412,570
308,571
309,572
309,573
310,574
310,575
311,576
311,577
312,578
312,579
312,580
312,581
742,582
314,583
314,584
314,585
315,586
315,587
315,588
315,589
315,590
315,591
316,592
316,593
317,594
468,595
319,596
320,597
321,598
322,599
322,600
323,601
323,602
324,603
324,604
324,605
325,606
325,607
326,608
326,609
327,610
327,611
328,612
328,613
328,614
328,615
329,616
329,617
330,618
331,619
331,620
331,621
332,622
332,623
489,624
334,625
334,626
335,627
335,628
336,629
336,630
336,631
337,632
338,633
339,634
339,635
339,636
340,637
340,638
340,639
340,640
341,641
840,642
343,643
344,644
344,645
344,646
545,647
720,648
720,649
347,650
348,651
348,652
751,653
350,654
350,655
351,656
351,657
352,658
352,659
353,660
353,661
353,662
353,663
354,664
354,665
355,666
355,667
356,668
356,669
357,670
357,671
357,672
358,673
358,674
318,675
318,676
360,677
360,678
360,679
361,680
361,681
361,682
362,683
362,684
363,685
363,686
364,687
364,688
365,689
365,690
365,691
365,692
366,693
366,694
367,695
368,696
368,697
369,698
369,699
369,700
370,701
370,702
371,703
371,704
372,705
372,706
372,707
372,708
372,709
373,710
373,711
136,712
375,713
375,714
376,715
376,716
377,717
377,718
377,719
377,720
378,721
378,722
378,723
378,724
379,725
380,726
381,727
381,728
382,729
382,730
382,731
383,732
384,733
384,734
385,735
386,736
386,737
386,738
387,739
387,740
388,741
389,742
389,743
45,744
391,745
391,746
877,747
877,748
877,749
420,750
394,751
394,752
692,753
396,754
397,755
398,756
399,757
399,758
400,759
400,760
401,761
402,762
402,763
402,764
403,765
403,766
404,767
404,768
404,769
404,770
404,771
405,772
405,773
405,774
406,775
406,776
407,777
407,778
407,779
408,780
408,781
408,782
409,783
409,784
410,785
410,786
411,787
411,788
180,789
413,790
413,791
100,792
100,793
415,794
416,795
416,796
416,797
179,798
418,799
419,800
419,801
419,802
109,803
109,804
421,805
421,806
422,807
422,808
422,809
423,810
423,811
423,812
423,813
424,814
425,815
426,816
29,817
428,818
592,819
592,820
430,821
430,822
430,823
431,824
431,825
432,826
432,827
433,828
433,829
434,830
434,831
434,832
434,833
435,834
435,835
435,836
435,837
436,838
307,839
438,840
485,841
440,842
440,843
441,844
441,845
441,846
442,847
442,848
395,849
395,850
662,851
662,852
662,853
445,854
446,855
446,856
447,857
447,858
447,859
10,860
449,861
449,862
449,863
450,864
451,865
452,866
453,867
453,868
453,869
454,870
454,871
455,872
455,873
455,874
456,875
456,876
456,877
457,878
457,879
457,880
458,881
458,882
458,883
458,884
459,885
459,886
459,887
460,888
460,889
461,890
462,891
463,892
463,893
463,894
464,895
465,896
465,897
150,898
467,899
467,900
736,901
736,902
469,903
470,904
471,905
471,906
472,907
472,908
528,909
528,910
466,911
466,912
475,913
475,914
476,915
477,916
477,917
478,918
479,919
479,920
479,921
480,922
480,923
480,924
480,925
481,926
481,927
481,928
481,929
482,930
482,931
500,932
500,933
484,934
484,935
55,936
55,937
486,938
486,939
564,940
488,941
488,942
587,943
490,944
491,945
492,946
493,947
493,948
494,949
759,950
496,951
496,952
497,953
497,954
498,955
499,956
313,957
313,958
501,959
501,960
501,961
501,962
502,963
503,964
503,965
503,966
503,967
504,968
504,969
504,970
505,971
505,972
505,973
505,974
506,975
507,976
507,977
508,978
508,979
508,980
509,981
509,982
509,983
510,984
511,985
511,986
512,987
512,988
512,989
512,990
513,991
513,992
514,993
514,994
515,995
515,996
516,997
517,998
517,999
517,1000
517,1001
517,1002
518,1003
518,1004
374,1005
520,1006
520,1007
520,1008
521,1009
521,1010
20,1011
20,1012
523,1013
523,1014
523,1015
523,1016
524,1017
525,1018
525,1019
525,1020
526,1021
526,1022
526,1023
225,1024
816,1025
529,1026
530,1027
531,1028
531,1029
531,1030
531,1031
532,1032
533,1033
533,1034
533,1035
534,1036
534,1037
534,1038
535,1039
535,1040
536,1041
536,1042
536,1043
537,1044
537,1045
537,1046
538,1047
538,1048
539,1049
540,1050
540,1051
540,1052
540,1053
706,1054
542,1055
542,1056
542,1057
543,1058
543,1059
543,1060
544,1061
544,1062
544,1063
838,1064
546,1065
547,1066
547,1067
547,1068
220,1069
549,1070
549,1071
550,1072
551,1073
551,1074
552,1075
552,1076
553,1077
553,1078
553,1079
554,1080
554,1081
555,1082
555,1083
556,1084
557,1085
558,1086
558,1087
559,1088
559,1089
560,1090
560,1091
561,1092
561,1093
562,1094
563,1095
563,1096
667,1097
565,1098
566,1099
566,1100
567,1101
567,1102
568,1103
569,1104
570,1105
571,1106
571,1107
571,1108
572,1109
572,1110
417,1111
574,1112
575,1113
575,1114
576,1115
577,1116
763,1117
579,1118
579,1119
580,1120
580,1121
581,1122
581,1123
581,1124
581,1125
582,1126
582,1127
583,1128
583,1129
583,1130
583,1131
584,1132
584,1133
584,1134
584,1135
850,1136
850,1137
850,1138
639,1139
80,1140
588,1141
588,1142
589,1143
590,1144
590,1145
591,1146
591,1147
155,1148
155,1149
522,1150
522,1151
594,1152
594,1153
594,1154
6,1155
596,1156
597,1157
597,1158
597,1159
597,1160
597,1161
598,1162
598,1163
599,1164
600,1165
600,1166
649,1167
602,1168
602,1169
603,1170
603,1171
603,1172
604,1173
604,1174
604,1175
605,1176
605,1177
606,1178
606,1179
607,1180
608,1181
608,1182
608,1183
609,1184
609,1185
610,1186
611,1187
611,1188
611,1189
612,1190
612,1191
613,1192
613,1193
613,1194
614,1195
614,1196
615,1197
615,1198
616,1199
616,1200
617,1201
617,1202
618,1203
619,1204
619,1205
619,1206
620,1207
620,1208
669,1209
669,1210
622,1211
622,1212
622,1213
622,1214
623,1215
623,1216
624,1217
624,1218
624,1219
624,1220
624,1221
625,1222
625,1223
625,1224
626,1225
626,1226
626,1227
626,1228
626,1229
627,1230
627,1231
439,1232
439,1233
439,1234
629,1235
630,1236
631,1237
632,1238
633,1239
634,1240
634,1241
634,1242
635,1243
635,1244
636,1245
636,1246
636,1247
637,1248
637,1249
637,1250
637,1251
637,1252
638,1253
473,1254
473,1255
640,1256
641,1257
641,1258
892,1259
541,1260
644,1261
644,1262
645,1263
646,1264
646,1265
646,1266
647,1267
647,1268
593,1269
548,1270
548,1271
650,1272
650,1273
651,1274
651,1275
651,1276
652,1277
653,1278
654,1279
655,1280
655,1281
656,1282
657,1283
657,1284
658,1285
659,1286
659,1287
660,1288
660,1289
660,1290
661,1291
661,1292
661,1293
661,1294
661,1295
519,1296
663,1297
663,1298
487,1299
665,1300
665,1301
665,1302
666,1303
666,1304
345,1305
668,1306
668,1307
715,1308
715,1309
670,1310
670,1311
671,1312
671,1313
671,1314
672,1315
673,1316
674,1317
674,1318
675,1319
675,1320
676,1321
676,1322
676,1323
677,1324
677,1325
678,1326
678,1327
679,1328
679,1329
679,1330
680,1331
681,1332
681,1333
681,1334
682,1335
682,1336
683,1337
683,1338
683,1339
684,1340
684,1341
684,1342
684,1343
685,1344
686,1345
687,1346
687,1347
688,1348
689,1349
689,1350
690,1351
690,1352
690,1353
690,1354
691,1355
691,1356
586,1357
693,1358
694,1359
694,1360
695,1361
695,1362
696,1363
696,1364
349,1365
698,1366
698,1367
699,1368
699,1369
700,1370
700,1371
700,1372
701,1373
701,1374
701,1375
702,1376
703,1377
703,1378
704,1379
705,1380
705,1381
333,1382
333,1383
707,1384
708,1385
708,1386
708,1387
708,1388
709,1389
710,1390
711,1391
719,1392
713,1393
714,1394
714,1395
46,1396
716,1397
716,1398
716,1399
717,1400
717,1401
718,1402
718,1403
718,1404
270,1405
444,1406
721,1407
721,1408
721,1409
722,1410
722,1411
722,1412
722,1413
723,1414
724,1415
724,1416
724,1417
724,1418
724,1419
724,1420
275,1421
91,1422
727,1423
727,1424
727,1425
728,1426
729,1427
729,1428
730,1429
730,1430
730,1431
730,1432
731,1433
731,1434
732,1435
732,1436
643,1437
734,1438
734,1439
734,1440
734,1441
735,1442
601,1443
737,1444
737,1445
628,1446
801,1447
740,1448
740,1449
741,1450
741,1451
427,1452
743,1453
743,1454
743,1455
743,1456
744,1457
745,1458
745,1459
746,1460
746,1461
747,1462
747,1463
747,1464
747,1465
748,1466
749,1467
750,1468
750,1469
342,1470
752,1471
752,1472
752,1473
753,1474
753,1475
753,1476
753,1477
754,1478
754,1479
754,1480
755,1481
755,1482
756,1483
756,1484
757,1485
757,1486
757,1487
757,1488
758,1489
758,1490
758,1491
149,1492
792,1493
595,1494
81,1495
697,1496
794,1497
765,1498
766,1499
766,1500
766,1501
767,1502
767,1503
768,1504
769,1505
769,1506
157,1507
771,1508
771,1509
772,1510
772,1511
772,1512
772,1513
773,1514
773,1515
774,1516
774,1517
775,1518
775,1519
775,1520
776,1521
776,1522
777,1523
778,1524
778,1525
779,1526
779,1527
780,1528
781,1529
781,1530
782,1531
782,1532
783,1533
783,1534
784,1535
785,1536
785,1537
785,1538
785,1539
178,1540
787,1541
788,1542
788,1543
788,1544
788,1545
788,1546
788,1547
788,1548
789,1549
789,1550
789,1551
790,1552
790,1553
791,1554
527,1555
793,1556
793,1557
88,1558
795,1559
796,1560
797,1561
797,1562
797,1563
798,1564
798,1565
798,1566
798,1567
799,1568
799,1569
800,1570
800,1571
92,1572
802,1573
802,1574
803,1575
392,1576
762,1577
806,1578
806,1579
806,1580
807,1581
807,1582
808,1583
808,1584
808,1585
809,1586
809,1587
810,1588
810,1589
810,1590
811,1591
811,1592
812,1593
812,1594
812,1595
813,1596
813,1597
31,1598
31,1599
815,1600
815,1601
815,1602
648,1603
817,1604
817,1605
818,1606
819,1607
819,1608
820,1609
821,1610
822,1611
822,1612
822,1613
823,1614
823,1615
823,1616
824,1617
825,1618
825,1619
826,1620
827,1621
828,1622
828,1623
828,1624
828,1625
829,1626
830,1627
830,1628
831,1629
831,1630
832,1631
833,1632
833,1633
833,1634
833,1635
834,1636
835,1637
835,1638
836,1639
837,1640
235,1641
839,1642
284,1643
284,1644
841,1645
841,1646
842,1647
842,1648
843,1649
843,1650
843,1651
844,1652
844,1653
845,1654
845,1655
845,1656
845,1657
846,1658
846,1659
847,1660
847,1661
848,1662
848,1663
848,1664
849,1665
849,1666
849,1667
250,1668
851,1669
852,1670
852,1671
853,1672
853,1673
853,1674
854,1675
854,1676
855,1677
856,1678
856,1679
857,1680
858,1681
858,1682
858,1683
858,1684
858,1685
859,1686
860,1687
860,1688
860,1689
861,1690
862,1691
863,1692
864,1693
864,1694
865,1695
865,1696
866,1697
866,1698
867,1699
867,1700
868,1701
868,1702
868,1703
869,1704
870,1705
871,1706
872,1707
873,1708
873,1709
761,1710
875,1711
876,1712
876,1713
448,1714
878,1715
879,1716
879,1717
880,1718
880,1719
881,1720
881,1721
882,1722
883,1723
883,1724
884,1725
885,1726
885,1727
885,1728
885,1729
885,1730
885,1731
886,1732
886,1733
886,1734
886,1735
886,1736
887,1737
888,1738
888,1739
888,1740
889,1741
890,1742
890,1743
891,1744
891,1745
573,1746
573,1747
573,1748
573,1749
