user,item
0,1991
0,2670
1,1265
1,1577
2,554
2,2527
3,1883
3,1136
4,1247
4,2405
5,3230
5,1348
6,2264
6,562
7,3103
7,1324
8,649
8,2538
9,1649
9,3360
10,668
10,2016
11,34
11,1569
12,1256
12,2952
13,605
13,2713
14,2191
14,2350
15,715
15,2835
16,810
16,1384
17,1574
17,2270
18,2914
18,3479
19,3000
19,949
20,840
20,279
21,3460
21,3264
22,3044
22,3121
23,1299
23,2260
24,2368
24,1041
25,2131
25,290
26,262
26,3489
27,1930
27,351
28,2499
28,2873
29,1420
29,346
30,2853
30,1662
31,1932
31,2259
32,1615
32,1079
33,1555
33,710
34,3315
34,2597
35,1292
35,2325
36,1981
36,750
37,3192
37,2983
38,1361
38,3355
39,1816
39,3108
40,2525
40,392
41,1740
41,3357
42,3241
42,3129
43,3031
43,3202
44,1773
44,780
44,3428
44,3428
44,780
45,936
45,3307
45,2067
46,686
46,2901
46,1877
47,332
47,1984
48,1957
48,2041
48,2041
48,1957
48,1341
49,541
49,3303
50,2630
50,1304
50,30
50,1304
50,2630
51,3417
51,695
51,138
52,498
52,2089
53,1831
53,3276
53,2423
54,202
54,15
55,6
55,1299
55,2406
56,3322
56,705
56,2590
57,2621
57,1595
57,2721
57,1595
57,2621
58,2383
58,2210
59,79
59,570
60,306
60,2029
60,1064
61,1619
61,1222
62,1795
62,3009
62,510
62,3009
62,1795
63,2842
63,97
63,1440
63,1440
63,97
64,3192
64,718
65,101
65,2283
65,1368
65,101
65,2283
65,1368
66,250
66,2435
66,1959
67,1847
67,871
68,1663
68,1532
68,594
68,594
68,1532
69,1206
69,2198
70,2675
70,1728
70,1728
70,65
70,2675
71,538
71,2218
71,2592
72,2759
72,1463
72,2178
73,1273
73,2302
73,1273
73,986
73,2302
73,986
73,1273
74,2920
74,1350
74,1045
75,3397
75,260
75,2304
76,1923
76,2400
76,1264
77,3171
77,1550
77,2741
77,3171
77,1550
77,2741
78,2595
78,1367
79,1189
79,3451
79,2086
79,2086
79,1189
80,665
80,2600
80,199
80,2600
80,665
81,2267
81,547
81,2590
82,2335
82,1557
82,1557
82,2859
82,2335
83,1771
83,300
83,2556
84,2823
84,3105
84,3105
84,3299
84,2823
85,1963
85,636
85,979
86,316
86,26
86,26
86,289
86,316
87,1328
87,912
87,2052
87,912
87,1328
88,2012
88,306
89,2033
89,2286
89,918
90,1486
90,17
90,1486
90,2078
91,861
91,1973
91,2777
92,3244
92,11
92,567
93,2394
93,3425
93,3425
93,1752
93,2394
94,2233
94,2645
94,2233
94,1196
95,1729
95,1674
96,2699
96,2192
96,589
96,2192
96,2699
97,3358
97,1432
97,1432
97,364
97,3358
98,457
98,397
98,705
98,397
98,457
99,100
99,1768
99,3479
100,1258
100,2094
101,461
101,920
102,1034
102,768
103,2486
103,2634
103,2634
103,2486
103,3012
104,251
104,370
104,1350
105,160
105,2078
106,335
106,3003
106,2433
106,3003
106,335
107,3239
107,2920
107,3479
108,76
108,2369
108,1105
109,515
109,2142
109,2195
109,2195
109,2142
110,3364
110,561
110,561
110,2499
111,2314
111,593
111,1624
112,2506
112,413
112,769
113,582
113,1854
114,3296
114,1472
115,2541
115,2080
116,2888
116,921
116,2888
116,2108
116,921
116,2108
117,1087
117,773
117,1764
118,3474
118,217
119,3373
119,996
119,796
120,971
120,954
120,3155
121,1455
121,960
122,1366
122,1413
122,1413
122,1366
122,998
122,998
122,1366
123,2104
123,567
124,1808
124,379
124,2124
124,379
124,1808
125,201
125,3273
125,994
126,798
126,713
126,2676
126,2676
126,798
127,1845
127,320
127,2990
128,2820
128,3351
128,2003
128,3351
128,2820
129,2725
129,726
129,3462
129,3462
129,2725
130,518
130,732
130,2015
130,2015
130,732
131,1935
131,2810
131,690
131,1031
132,925
132,848
133,3335
133,2201
133,2141
133,2721
133,2141
133,2201
133,3335
134,1314
134,659
134,564
134,659
134,564
134,85
135,1519
135,3309
136,2014
136,3479
136,1796
136,1400
137,1214
137,1018
137,49
137,260
137,49
137,1018
137,1214
138,3040
138,936
138,1585
138,261
138,1585
138,936
138,3040
139,3301
139,2883
139,3301
139,814
140,597
140,1817
140,572
140,572
140,632
140,1817
140,597
140,1817
140,632
141,556
141,3314
141,3314
141,556
141,2683
141,2807
142,2718
142,2631
142,575
142,2781
142,575
142,2631
143,2449
143,1892
143,1424
143,927
144,339
144,1324
144,44
145,1672
145,3345
146,3439
146,1416
146,1867
147,236
147,3017
148,415
148,975
148,3058
148,975
148,415
148,1109
149,2894
149,2995
149,2708
149,1552
150,1342
150,3149
150,1411
150,1411
150,3149
150,1342
150,1972
151,154
151,2205
151,1896
151,3349
151,3349
151,2205
151,154
152,1156
152,2379
153,1338
153,656
153,604
153,1338
153,604
153,604
153,656
153,1338
153,1723
154,999
154,1025
154,1670
154,2457
155,1177
155,718
155,1033
155,3057
155,718
155,1177
156,1522
156,225
156,3323
157,83
157,1626
157,1410
157,307
158,2653
158,3246
158,2886
158,4
159,618
159,834
159,834
159,2505
160,763
160,1011
160,1651
160,1784
161,2115
161,521
161,848
161,2449
161,521
161,2115
161,2449
161,848
161,3479
161,1145
161,3130
161,3442
161,938
161,1427
162,2117
162,454
162,964
162,2117
162,1440
162,454
162,964
163,652
163,760
163,760
163,652
163,2884
163,182
164,2547
164,3055
164,3055
164,2601
165,1085
165,2914
165,308
165,2914
165,2899
165,1085
165,2899
165,308
166,1731
166,826
166,2563
166,2389
166,2563
166,826
166,1731
167,1299
167,2700
167,1299
167,2700
167,168
167,168
167,2700
167,1693
167,1299
168,567
168,757
169,1653
169,1221
169,759
170,1219
170,2250
170,3104
170,491
171,2040
171,143
172,3475
172,3102
173,1807
173,1858
173,117
173,117
173,1858
173,1573
173,1807
174,1627
174,2436
174,3159
174,2466
175,1461
175,854
175,1548
175,2367
176,697
176,3149
177,976
177,303
177,976
177,2199
177,2185
178,1058
178,3088
178,2973
178,1057
179,2938
179,1108
180,2247
180,548
180,718
180,2793
181,872
181,2442
181,3400
181,1937
182,2464
182,2719
182,1881
182,2464
182,2719
183,1541
183,2341
183,887
183,1541
183,887
183,1541
183,2341
184,1997
184,3064
184,1716
184,163
184,1716
184,1997
184,163
184,1716
185,285
185,720
185,2164
185,185
185,185
185,2164
185,285
186,3267
186,2369
186,352
186,1741
187,577
187,2524
188,3004
188,2948
188,3318
189,353
189,1317
189,3190
190,2231
190,2985
190,786
190,2227
191,2590
191,674
191,652
192,2159
192,81
192,2509
192,849
193,3322
193,2277
194,2831
194,2402
194,3297
194,446
194,2831
194,446
195,3257
195,756
195,1506
196,2487
196,2507
196,13
196,3089
196,2487
196,3089
196,2507
197,1654
197,724
197,2668
197,3437
197,3437
197,2668
197,1654
197,3437
197,2668
198,1299
198,869
198,2121
198,1921
199,2918
199,97
199,1986
199,2397
200,2792
200,2050
201,2748
201,943
202,1575
202,142
203,1164
203,3479
203,104
203,338
203,338
203,3479
203,1164
204,2072
204,1915
204,1363
204,411
205,1528
205,1960
205,1054
205,885
206,1461
206,977
207,1648
207,60
207,60
207,1676
207,322
207,1648
208,2572
208,2585
209,2257
209,166
209,2545
209,1122
209,2545
209,166
209,2257
210,97
210,1072
210,257
210,1093
211,2555
211,2003
211,1195
211,879
211,1195
211,2003
212,2526
212,3266
212,2815
212,1686
213,2606
213,1507
213,2606
213,1347
213,1507
214,2732
214,698
215,3334
215,162
215,2603
215,717
216,3127
216,3451
216,3451
216,2530
217,2763
217,1414
218,1919
218,2756
218,588
218,846
218,846
218,2756
219,1233
219,2351
219,365
219,156
220,1269
220,2968
221,1399
221,3184
221,266
221,716
221,716
221,266
221,3184
222,523
222,2070
223,2845
223,1093
224,100
224,329
224,381
224,459
224,381
224,329
225,1370
225,2074
225,3015
225,1370
225,2074
226,1042
226,1215
226,2128
227,3254
227,1599
227,2666
227,180
228,1072
228,3477
228,2680
228,2540
228,2680
228,1072
229,643
229,366
229,607
229,366
229,643
229,3392
230,231
230,1717
230,2037
230,231
230,1717
231,3484
231,2998
231,2723
231,3111
232,2610
232,172
232,622
232,382
232,382
232,172
232,2610
233,767
233,503
234,117
234,3025
234,2964
234,2695
234,2695
234,3025
235,1866
235,216
235,216
235,1866
235,3020
235,2033
235,2033
235,1866
235,216
236,485
236,287
237,2862
237,3265
237,2240
237,3401
237,3401
237,3265
238,2586
238,3045
238,1514
238,1514
238,3045
238,2586
238,380
238,3045
238,1514
239,2369
239,1212
239,576
239,1212
239,1254
239,2369
240,1607
240,534
241,2604
241,652
241,2476
241,2604
241,652
242,512
242,670
242,3293
242,789
242,789
242,3293
242,512
243,543
243,2380
243,86
243,799
244,1323
244,596
245,2190
245,614
246,54
246,731
246,3085
246,54
246,2766
246,731
246,3085
247,953
247,2528
247,2396
247,2570
247,2570
247,3037
247,2396
247,2528
247,953
248,821
248,2529
248,2063
248,1357
248,1357
248,2063
248,2529
248,2315
248,821
249,1602
249,993
249,3046
249,604
249,1248
249,604
249,3046
250,1974
250,2291
250,2802
250,2291
251,1748
251,1772
251,2756
251,3395
251,1838
251,3395
251,2756
251,1772
252,1996
252,1272
252,2371
253,59
253,278
253,2075
253,3448
253,1168
253,1168
253,3448
253,2075
253,59
254,405
254,692
254,1197
254,2548
254,1899
255,2961
255,580
255,2860
255,1190
255,2138
256,3412
256,1856
256,1917
257,2026
257,735
257,1333
257,2462
258,30
258,3378
258,30
258,652
259,289
259,2907
259,2157
259,1846
259,1846
259,2157
259,2907
259,560
259,289
260,2218
260,2637
260,3411
260,2218
260,3411
260,44
260,3411
260,2637
260,30
260,2218
261,1422
261,2177
261,606
261,1570
261,841
261,841
261,1570
261,606
261,2177
261,1422
261,2177
261,606
261,841
262,2111
262,3209
262,3130
262,2111
262,1030
262,3130
263,2330
263,2135
263,2641
263,1543
263,926
263,2135
263,2330
264,862
264,3099
264,661
264,627
264,469
265,2439
265,1209
265,1209
265,1961
265,2439
265,1961
265,192
265,2482
266,136
266,514
266,3197
266,1474
266,163
267,3386
267,1659
267,2010
267,455
267,1104
267,1104
267,1659
267,455
267,3386
268,1562
268,2108
269,2553
269,1320
269,3404
269,3403
269,88
269,1320
269,2553
270,145
270,610
270,3038
270,2881
270,1884
271,2726
271,677
271,1630
271,232
271,1445
271,232
271,677
272,940
272,1000
272,1027
272,2202
272,1673
273,2780
273,43
273,43
273,3396
273,2780
273,3169
273,3167
274,2455
274,1096
275,2110
275,991
275,1431
276,24
276,1944
276,3023
276,1221
276,1307
276,1307
276,1221
276,1944
276,24
276,1221
276,24
276,1307
276,1221
276,24
276,1307
276,1944
277,3320
277,1620
277,2926
277,2109
277,3320
277,1620
277,2109
277,3445
277,2926
278,2611
278,2771
278,866
278,2611
279,3387
279,3329
279,401
279,1826
280,618
280,505
280,2613
280,3464
280,3479
280,505
280,618
280,3464
280,2613
281,1841
281,157
281,1841
281,697
281,157
282,36
282,566
282,868
282,1344
282,1151
282,1344
282,868
282,566
283,2350
283,1309
284,2773
284,1076
285,3066
285,1036
285,3066
285,2044
285,1036
285,2044
286,1934
286,1744
286,1434
286,3451
287,456
287,2847
287,2809
287,1381
287,2937
288,1090
288,1017
288,1623
288,168
289,3420
289,2673
290,2287
290,1679
290,2287
290,3480
290,1679
290,1903
290,1903
290,1679
290,3480
290,2287
290,947
291,2242
291,1940
291,105
291,3095
291,3449
291,3095
291,1940
292,1237
292,2254
292,2202
292,274
293,3360
293,2331
293,1747
293,509
293,718
293,718
293,509
294,1527
294,2226
294,2226
294,2710
294,2059
294,1351
294,1527
294,1351
294,2059
294,2226
295,276
295,1086
295,357
295,276
295,357
295,895
295,2369
296,620
296,3248
296,2481
296,1551
297,1811
297,1656
297,2224
297,445
298,1886
298,3272
298,361
298,361
298,684
299,3384
299,2102
299,1929
299,3471
299,1020
300,423
300,2672
300,184
300,239
300,2043
300,184
300,2043
301,1956
301,1799
301,1174
301,680
301,176
301,680
301,1174
302,2426
302,1199
302,1375
302,2413
303,3236
303,2590
303,982
303,233
303,3479
303,3479
303,233
304,2679
304,2445
305,2098
305,540
305,2989
305,2829
306,2726
306,702
306,2397
306,356
306,2174
306,2174
306,2726
307,3338
307,342
307,847
308,2208
308,3054
308,364
308,2246
308,785
309,2282
309,131
309,2934
309,2218
309,2218
309,2934
309,131
309,736
309,2282
309,131
309,2218
310,2500
310,1836
311,1481
311,502
311,1481
311,1825
312,758
312,463
313,1766
313,2654
313,1023
313,539
313,671
313,1023
313,2654
313,1766
314,1130
314,1191
314,776
315,1355
315,742
315,2583
315,1712
316,3133
316,732
316,458
316,2068
316,963
316,2068
316,458
316,732
316,3133
316,732
316,458
317,1574
317,992
317,1725
317,3176
317,1870
317,1574
317,992
317,1725
317,3176
317,1870
318,1666
318,2349
319,2002
319,756
319,1084
319,194
319,595
320,2691
320,627
320,706
320,3178
320,2200
320,627
320,3178
320,2200
320,3178
320,2200
321,2550
321,3259
321,2550
321,3259
322,648
322,2818
322,2696
322,2818
322,648
322,1540
322,3224
322,3224
322,2696
323,914
323,1701
323,2392
323,3219
323,102
324,3086
324,1629
324,3086
324,1001
325,596
325,1893
325,1893
325,3117
326,1426
326,2656
326,1150
326,3274
326,2656
326,1150
327,2355
327,1298
327,1263
327,3092
327,1263
327,1298
327,973
327,2355
328,1684
328,893
328,2306
328,1536
328,3302
329,438
329,1820
329,2272
329,1777
329,2203
329,2203
329,2272
329,1820
329,438
330,472
330,2706
330,3298
330,2726
330,2706
330,2726
331,2311
331,3307
331,3307
331,2676
331,610
331,2311
331,2045
331,2045
331,610
332,2638
332,2104
332,3273
332,1950
333,2097
333,1171
334,398
334,2028
334,528
335,1738
335,3137
336,1965
336,1632
336,161
336,1614
336,161
336,1614
337,169
337,1785
338,2648
338,3408
338,492
338,2685
338,124
339,2921
339,3149
340,657
340,260
340,638
340,2215
340,260
340,3074
341,647
341,1969
341,792
341,565
341,1306
342,3131
342,2342
342,99
342,519
342,2941
343,707
343,494
344,3343
344,2771
344,1193
344,18
344,1193
344,2223
344,3343
345,3346
345,2125
346,2153
346,3128
346,485
346,852
347,1261
347,3435
347,1346
347,1953
347,703
347,703
347,1953
347,1261
348,369
348,3277
348,85
348,1483
348,85
348,297
348,3277
348,369
349,3022
349,1003
349,429
349,529
349,2149
349,2149
349,1003
350,1169
350,3391
350,1477
350,2924
350,2607
351,1853
351,1909
351,778
351,806
352,1744
352,3093
353,5
353,2871
353,5
353,193
354,3440
354,1487
354,2726
354,1475
354,2897
355,962
355,551
355,35
355,935
355,935
355,35
355,2058
355,551
355,962
356,739
356,267
356,2
356,1311
356,739
356,267
356,2
356,1311
357,1867
357,1835
357,756
357,1789
357,1266
358,803
358,2642
358,2261
358,1249
358,636
358,803
358,2261
358,1249
358,2642
358,636
359,2566
359,1452
359,1302
359,216
360,984
360,2137
361,2008
361,3043
361,2362
361,1218
361,3043
361,3154
361,2008
361,3043
361,3154
361,1218
362,1558
362,1427
362,665
362,603
362,2600
363,2618
363,1914
363,2751
363,2289
363,3251
363,2289
363,2751
363,1914
363,2618
364,89
364,790
364,3342
364,3385
364,1126
365,1519
365,3294
365,2782
365,391
365,451
366,244
366,513
366,1074
366,1299
366,2005
366,3453
367,1286
367,2120
368,708
368,2543
368,3018
368,1524
368,2404
369,1221
369,2132
369,1188
369,3488
369,3010
369,1188
369,3488
370,2798
370,1961
370,1961
370,954
370,1961
370,954
370,2209
371,1566
371,672
371,2108
371,2649
371,1283
371,617
371,1283
371,2649
371,2108
372,2760
372,2148
372,3012
372,2727
372,9
372,2148
372,2760
372,2594
373,3479
373,3458
373,608
373,1367
373,3451
373,1367
373,608
373,3458
373,3479
373,3286
374,1786
374,781
374,427
374,299
374,2997
374,3237
374,427
374,781
374,1786
375,3036
375,2757
375,260
375,2479
376,337
376,2027
376,823
376,1454
376,3175
376,2337
377,980
377,858
377,3490
377,441
377,683
377,697
378,1538
378,853
378,1802
378,477
378,1788
378,1521
378,477
378,1538
379,2700
379,718
379,2896
379,2260
379,3339
379,2889
380,2953
380,377
380,1790
380,2374
380,3191
380,2374
380,1617
380,3191
381,2972
381,3006
381,3204
381,3006
382,1163
382,2475
382,2667
382,1992
382,3457
382,3457
382,878
382,1992
382,2667
382,2475
382,1163
383,3261
383,1012
383,1276
383,2774
383,3284
383,957
383,957
383,3284
383,2774
383,1276
384,3487
384,1688
384,1089
384,1688
384,1089
385,402
385,1645
386,2887
386,2173
386,210
386,82
386,2299
386,1078
386,1078
386,2299
386,210
386,2887
387,777
387,2378
387,2597
387,777
387,2378
387,2597
387,2343
387,988
388,173
388,1879
388,187
388,3331
388,187
388,3331
388,1872
388,3331
388,1593
389,621
389,591
389,83
389,1469
389,852
390,443
390,3028
390,914
390,857
390,3463
391,473
391,3289
391,376
391,545
391,376
391,473
391,3295
391,3479
391,3289
391,3479
391,545
391,376
391,3295
391,3479
392,2367
392,1201
392,1395
392,3231
392,907
393,1610
393,496
393,91
393,1788
393,608
393,1758
394,2184
394,3494
394,2727
394,2560
394,2721
394,1324
394,3494
394,2184
395,1895
395,2387
395,3177
396,1101
396,1059
396,14
396,258
396,1182
396,14
397,2403
397,903
397,3449
397,1308
397,417
397,1335
397,417
397,3449
398,179
398,504
399,1009
399,3247
399,1956
399,428
400,2511
400,2913
400,2788
400,1288
400,2660
400,2913
400,537
400,2511
401,2106
401,953
401,844
401,168
401,953
401,1290
401,2090
401,2106
401,1290
401,844
402,3239
402,1351
403,3456
403,3179
404,709
404,3271
404,2324
404,1929
404,3091
405,2119
405,950
405,495
405,1774
405,2119
405,2568
405,950
405,495
405,2568
406,104
406,2428
406,1045
407,754
407,3244
407,11
407,567
407,1488
407,1110
408,850
408,280
408,345
408,10
408,914
408,3376
409,1510
409,1631
409,3479
409,2408
409,1708
409,44
409,44
409,1708
409,3479
409,1510
409,2408
409,1631
410,24
410,1153
410,1068
410,107
411,725
411,2042
411,1564
411,2409
411,1120
411,1871
411,725
411,1120
411,1871
412,328
412,286
412,191
412,766
412,897
412,286
412,191
413,273
413,2153
413,1976
413,2062
413,431
413,168
414,960
414,675
414,3162
414,1176
414,2214
414,2651
415,2523
415,3362
415,1892
416,1440
416,291
416,1440
416,1803
416,139
416,291
417,3149
417,1911
417,1062
417,1178
417,1178
417,1911
417,3234
417,3149
417,1062
417,207
418,20
418,2832
418,1269
418,813
419,1850
419,2468
419,295
419,1850
419,2459
419,295
419,2468
419,17
420,3059
420,2608
420,3059
420,2608
421,2167
421,1359
421,471
421,987
421,2167
421,1359
421,471
421,987
421,471
421,1359
421,2678
421,1987
421,2167
422,1471
422,2915
423,223
423,1226
423,2473
423,1837
423,937
423,1936
423,223
423,1226
423,1837
424,629
424,1458
424,3120
424,44
424,95
424,1520
424,1520
424,95
424,3120
424,629
425,762
425,2194
425,2926
426,1095
426,1114
426,69
426,2578
426,1931
426,2578
426,2890
426,1931
426,1095
426,1114
427,1994
427,2737
427,3449
427,2738
427,1893
427,1893
427,3449
427,2738
427,2737
427,371
427,1994
428,1559
428,2359
428,3073
428,586
428,867
428,2103
428,2103
428,867
429,3375
429,2607
429,1812
429,127
429,1812
429,127
429,3106
429,1977
430,1336
430,2590
430,3067
430,1641
430,2969
430,3053
431,151
431,2584
431,3279
431,2155
431,151
431,2584
431,2155
431,151
431,2584
431,3180
431,3279
432,1299
432,1941
432,2143
432,478
432,3353
432,1941
432,2463
433,19
433,2485
433,1127
434,3007
434,511
435,1724
435,688
435,29
436,2315
436,1499
436,941
436,567
436,1026
437,1090
437,1373
437,616
437,2495
437,1090
437,1373
437,1525
437,616
438,3300
438,2212
438,651
438,1379
438,205
438,1379
439,1855
439,2694
439,2252
439,2840
439,1855
439,2694
439,2840
440,2304
440,128
440,3148
441,3318
441,3468
441,758
441,463
441,1247
441,704
441,3318
441,758
441,463
442,1539
442,779
442,1762
442,1539
442,779
442,779
442,1539
442,3215
442,3196
442,2798
442,1762
443,735
443,2549
443,2785
443,1479
443,2785
443,1726
444,989
444,2762
444,1443
444,2852
445,359
445,2600
445,2585
445,2982
445,436
445,2703
445,2703
445,2585
445,2600
446,1299
446,771
446,45
446,2307
446,2821
446,1968
446,45
446,2307
446,2821
447,439
447,968
447,1426
447,1834
447,697
447,968
447,697
448,1711
448,3242
448,625
448,3035
449,2833
449,945
449,2273
449,2970
449,2099
449,311
449,2273
449,311
449,2099
449,2970
449,945
449,2833
449,2970
449,311
450,3318
450,2534
450,1730
450,2534
451,1485
451,1700
452,293
452,3283
453,1898
453,2286
453,832
453,3075
453,597
453,832
453,597
453,522
453,2286
453,3075
453,1898
454,2696
454,3235
454,2590
454,1570
455,1573
455,1967
455,1134
455,1967
455,1573
455,898
455,185
455,673
456,2038
456,2755
456,448
456,904
456,2662
456,242
456,242
456,904
456,2755
457,515
457,954
457,393
457,2646
457,1418
457,1889
458,493
458,53
458,1982
458,751
458,3100
458,2514
458,493
458,53
458,1982
458,751
458,3100
458,2514
459,3465
459,1833
460,1393
460,2631
461,140
461,1243
461,2402
461,2441
461,1461
461,242
461,242
461,1461
462,1035
462,466
463,1883
463,2243
463,364
463,233
463,650
463,364
463,2243
463,1883
463,233
463,364
463,1929
463,650
464,2956
464,1044
464,449
464,1356
464,2030
464,1044
464,2157
464,2956
464,1356
464,449
465,165
465,3458
465,1568
465,1179
465,1568
465,1179
465,2230
466,1046
466,408
466,1718
466,2590
466,1039
466,1046
466,2590
467,1640
467,3414
467,2999
467,574
468,341
468,2854
468,834
468,3298
469,2858
469,730
469,733
469,3348
469,2858
469,730
469,733
470,2731
470,2891
470,306
470,1583
470,954
470,2381
471,1534
471,2118
471,1470
471,3266
472,3483
472,2127
473,769
473,2216
474,2728
474,2496
474,3255
474,2537
475,2112
475,2242
475,1980
475,693
475,1022
475,818
476,2812
476,1622
476,2590
476,475
476,2958
477,1056
477,2937
477,478
477,1877
477,2123
477,206
478,1606
478,1075
478,2681
478,2635
478,1869
478,33
478,33
478,2635
478,2681
478,1075
478,1606
479,1139
479,176
479,1229
479,1177
480,2967
480,1863
480,1048
480,470
480,1863
481,1253
481,2372
481,1253
481,2372
481,1066
481,665
481,2375
482,38
482,2834
482,1920
482,3455
482,910
482,1278
483,2614
483,2145
483,2571
483,3049
483,2491
483,822
484,1770
484,1699
484,2822
484,1565
484,1526
484,948
485,212
485,2698
485,2987
485,3160
485,1466
485,3002
486,3213
486,1360
486,252
486,3061
486,3213
486,252
486,3061
486,2087
486,1922
487,1060
487,2188
487,927
487,178
487,927
487,247
487,2188
487,1060
487,2627
487,647
488,1813
488,1753
488,3421
488,3290
488,27
488,474
488,3438
489,1707
489,1219
489,2798
489,2600
489,1809
489,2600
489,2798
489,3032
489,1219
489,1707
489,3163
489,2798
489,1809
490,289
490,1916
490,596
490,2557
490,972
490,1464
490,1453
490,972
490,2557
490,596
490,1916
490,289
491,2120
491,1461
491,774
491,2592
491,3325
491,3033
492,612
492,1880
492,2644
492,835
492,612
492,1880
492,2644
492,835
493,2863
493,1350
493,2088
493,3394
493,2661
493,1600
493,2925
494,2109
494,199
494,1154
494,718
495,435
495,1966
495,435
495,645
495,1733
495,3094
495,1966
495,1783
495,435
495,1966
496,1364
496,559
496,378
497,1780
497,488
497,1755
497,2004
497,2976
497,2939
497,1160
497,2939
497,2976
498,3120
498,2665
498,1721
498,3450
498,482
498,1961
498,2235
498,3450
498,482
498,2235
498,3120
498,2665
498,1721
498,1961
499,2567
499,350
499,890
499,2676
499,3367
499,3063
499,2311
499,890
499,350
499,3063
499,3367
500,2801
500,506
500,171
500,2600
500,2456
500,985
500,1451
500,171
500,2456
500,1451
500,2600
500,985
500,506
500,2801
501,2943
501,312
502,3339
502,1647
502,2182
502,1299
502,718
502,2121
502,597
503,3096
503,2361
503,7
503,268
503,2084
503,209
503,2577
504,379
504,2069
504,1746
504,1964
504,1778
504,1497
504,1071
504,1071
504,1497
504,1746
505,2761
505,1051
505,3447
505,2761
505,1051
505,628
506,3340
506,2297
506,1961
506,2949
506,527
506,325
506,3340
506,2297
506,1961
506,325
507,983
507,3313
507,1950
507,2564
507,2481
507,983
507,3313
507,1950
507,2564
507,2481
508,1556
508,2003
508,652
508,3029
508,2542
508,1247
508,1098
509,2042
509,2129
509,1131
510,1724
510,789
511,3431
511,237
512,1873
512,1398
512,737
512,842
512,2452
512,787
512,2284
512,2284
512,787
512,842
512,1398
512,1873
513,3151
513,2243
513,2022
513,3076
513,2011
513,749
513,3151
513,2243
513,2022
513,3076
513,749
513,1092
513,2011
513,3151
513,2243
513,2022
513,2011
514,1496
514,1702
514,897
515,167
515,2077
515,2369
515,3328
515,2144
515,2077
515,2085
515,2144
515,167
515,3328
515,2369
515,1015
516,1639
516,3208
516,3016
516,1639
516,1831
516,3208
516,3016
516,2787
517,1143
517,932
517,3291
517,3406
517,1267
518,3174
518,80
518,2237
518,3011
519,2844
519,1705
519,1461
519,1949
519,2518
519,1476
519,2844
519,1705
519,1461
519,1949
519,1476
520,1143
520,1106
520,1335
520,3317
520,2783
520,1354
520,1354
520,2410
520,2783
520,3317
520,1335
520,1106
520,1143
521,1814
521,2092
521,812
521,3413
521,2095
521,1814
521,812
521,2081
521,2095
522,3112
522,718
522,2600
522,2600
522,3307
522,2575
522,203
522,3451
523,2301
523,44
523,2246
523,44
523,2243
523,44
523,3419
523,2301
523,1710
523,3145
523,2246
524,3365
524,1219
525,2187
525,1111
525,2813
525,2187
525,220
525,2388
525,1111
525,2340
526,2396
526,845
526,1429
526,845
526,1571
526,633
526,198
526,1434
526,1571
526,633
527,1988
527,1158
527,2909
527,358
527,1846
527,1323
527,1945
527,1945
527,1846
527,2909
527,1988
528,2344
528,623
528,1537
528,1107
528,1416
528,1416
528,1107
528,1537
528,623
528,2344
528,590
528,2370
529,1260
529,74
529,966
530,1287
530,2320
531,2161
531,68
532,450
532,1021
532,3122
532,155
532,30
533,3078
533,3270
533,162
533,2714
533,407
533,1490
533,1029
533,162
533,3270
534,2705
534,1061
534,1140
534,644
534,789
534,1318
534,338
535,1767
535,2421
535,1064
535,1876
536,3458
536,2914
536,3458
536,489
536,122
536,1149
536,122
536,3458
537,1376
537,1417
537,2202
537,701
537,3222
537,1553
537,1293
538,2065
538,851
538,1219
538,2170
538,314
538,1088
538,309
538,2170
538,2065
538,1219
538,851
539,2179
539,1957
539,44
539,1204
539,721
539,1121
539,3338
539,1121
539,1204
539,1957
539,2179
539,3338
539,721
540,2474
540,2870
540,1650
540,2878
540,25
541,1943
541,3088
541,264
541,2838
541,1943
541,3088
541,2838
542,313
542,62
542,2657
542,1032
542,2369
542,313
542,62
542,1032
542,2369
542,2657
542,2994
542,718
543,1613
543,714
544,675
544,865
544,163
544,718
544,563
544,1751
544,718
544,563
545,2632
545,1069
545,1913
545,2977
545,2546
546,44
546,130
546,2290
546,3407
547,412
547,1005
547,1100
547,954
547,39
547,3479
547,146
547,1100
547,412
547,3479
547,1005
548,2905
548,235
548,3013
548,675
548,819
548,1180
548,2905
548,3013
548,819
548,1180
549,3379
549,2629
549,2619
549,1162
549,3114
549,1325
549,348
549,348
549,1162
549,2619
549,2629
549,3379
550,3429
550,2789
550,389
550,604
550,204
550,604
551,3268
551,1202
551,1685
551,723
551,1386
551,535
551,1202
552,571
552,2742
552,797
552,3217
552,2281
552,3217
552,571
552,2742
553,1125
553,711
553,3188
553,2369
553,1591
553,2784
553,3056
553,3056
553,1591
553,2369
553,711
554,2303
554,1406
554,318
554,1185
554,2303
554,1406
554,1391
554,1517
555,2218
555,718
555,1194
555,2883
556,2458
556,2391
556,350
557,1842
557,3216
558,1537
558,1788
558,2218
558,28
558,2218
558,913
558,2337
558,1407
558,28
558,1788
559,2003
559,2134
559,2585
559,2120
559,695
559,2003
559,2585
559,2134
559,695
560,1888
560,881
560,2402
560,2430
560,497
560,782
561,2129
561,3143
562,56
562,536
562,2898
562,2775
562,3201
562,2279
562,222
562,2775
562,536
563,3319
563,1906
563,108
563,2166
563,1768
563,108
563,1768
564,389
564,2701
564,626
564,414
564,2319
564,1438
564,2433
564,2319
564,414
565,2729
565,2434
565,695
565,236
565,24
565,1874
565,2434
565,236
565,2460
565,695
565,24
566,501
566,2727
566,2360
566,1689
566,1138
566,72
566,2593
566,2593
566,72
566,2360
566,501
567,2328
567,1164
567,364
567,817
567,898
567,1268
567,219
567,898
567,364
567,219
567,817
568,3287
568,2814
568,2244
568,2478
568,1493
568,2293
568,388
568,2293
568,1493
568,2478
568,2244
568,2814
568,3287
568,3287
568,2478
569,2574
569,1470
569,1835
569,1315
569,697
569,2175
570,2116
570,385
570,1924
570,1509
570,2116
570,385
570,1924
570,2444
570,1509
571,638
571,190
571,794
571,3225
571,2001
572,908
572,516
572,2462
572,283
572,1908
572,2420
572,1908
572,653
573,1473
573,1352
573,2622
573,1510
574,923
574,1749
574,1534
574,4
574,4
574,2849
575,1077
575,2154
575,705
575,875
575,2743
575,3337
575,1671
576,1609
576,567
576,2295
576,2770
576,1281
576,1609
576,2091
576,567
576,2770
576,1339
576,2295
576,1281
577,453
577,486
577,734
577,553
577,902
577,1082
577,934
578,1548
578,2310
578,1037
578,3229
578,2982
578,2615
578,120
578,2615
578,3229
578,1037
578,2310
578,120
578,2615
578,2982
578,3229
578,1548
579,2585
579,2971
579,3436
579,901
579,1223
579,2971
579,2585
579,1831
579,1495
579,1831
579,901
579,3436
579,1495
579,2971
579,1223
580,978
580,3052
580,3266
580,815
580,831
581,467
581,508
581,1765
581,265
581,2747
581,2287
581,1004
582,2697
582,1840
582,1303
582,2799
582,229
582,1529
582,1806
582,2697
582,1840
582,1303
582,2799
582,229
582,1529
582,1806
583,1864
583,1124
583,144
583,2950
584,3482
584,373
584,1437
584,152
584,981
584,737
584,3482
585,367
585,77
585,1002
585,292
585,1216
585,367
585,77
585,292
585,1216
586,2940
586,1186
586,3186
586,1638
586,3287
586,3186
586,2848
586,2848
586,3071
586,3186
586,1186
586,3287
586,2940
586,1638
587,404
587,2120
588,2061
588,33
588,1734
588,432
588,2526
588,2704
588,3149
588,3149
588,2526
588,432
588,2061
589,335
589,2183
589,1856
589,1166
589,335
589,2183
589,335
589,2183
589,1866
590,1259
590,44
590,2246
590,410
590,942
590,589
590,1642
590,1642
590,942
590,2246
590,44
590,1259
591,3244
591,1643
591,3149
592,3304
592,2620
592,3094
592,65
592,3094
592,65
592,3304
593,2984
593,1704
593,630
593,424
593,2984
593,1002
593,2516
593,1515
594,1519
594,3467
595,432
595,3166
595,2429
595,712
595,2647
596,1831
596,1868
596,1233
596,1742
596,901
596,1417
596,1829
597,3402
597,1779
597,442
597,354
598,304
598,2007
598,2248
599,2461
599,3099
599,1442
600,830
600,2702
600,531
600,837
600,3084
600,3334
600,830
600,2702
600,531
600,837
601,3331
601,2369
601,784
601,1598
601,2255
601,2369
601,1594
601,1598
601,2255
601,2255
601,1598
601,1594
601,784
601,2369
601,3331
601,664
602,1153
602,2339
602,2590
602,2079
603,2819
603,1961
603,2089
603,1073
604,149
604,1447
604,551
604,2922
604,1049
604,2543
604,1683
605,372
605,263
605,2539
605,2857
605,2935
605,387
605,2518
606,3250
606,1172
606,3250
606,549
606,452
606,1172
606,1952
606,549
606,2993
606,1173
606,549
606,2993
606,1173
607,3193
607,1523
607,681
607,3193
607,3144
608,1482
608,876
608,3232
608,1554
608,2332
608,579
608,3449
609,3110
609,3266
609,169
609,2639
609,740
609,234
609,2748
610,90
610,2035
610,2912
610,2020
611,2122
611,787
611,1205
611,3352
611,2275
611,2122
611,3014
611,1580
612,3251
612,1582
612,2206
612,1255
612,1028
612,770
612,2206
612,1255
612,770
613,2211
613,338
614,2590
614,1947
614,224
615,2265
615,1270
616,1706
616,3062
616,1706
616,2176
616,1371
616,3062
617,1434
617,3072
617,3430
617,1222
618,1353
618,2710
618,1635
618,434
618,1408
618,2790
618,1070
619,1694
619,827
619,2108
619,1995
619,894
619,953
619,2108
619,1821
619,1694
619,827
619,1995
619,2118
619,894
620,2126
620,2917
620,507
620,3227
620,360
620,2046
620,1489
620,2126
620,2917
620,507
620,3227
620,360
620,1489
621,106
621,2921
621,524
621,3101
621,2347
621,2492
621,2921
621,2869
621,2024
622,2541
622,3298
622,747
622,30
622,3298
622,420
622,2146
622,2541
622,561
622,747
622,30
622,2779
623,1961
623,1714
623,2129
624,3018
624,2512
624,2262
624,3018
624,1735
624,2512
624,2851
624,2262
625,279
625,682
625,11
625,892
626,816
626,1506
626,697
626,697
626,1506
626,816
626,2346
626,2120
626,79
626,64
626,2733
627,1334
627,880
627,2318
627,3019
628,2727
628,1559
628,1985
628,164
628,1898
628,2587
628,555
628,3069
628,164
628,1559
629,433
629,1167
629,1301
629,807
629,1301
629,426
629,3199
629,1167
629,433
629,487
629,347
630,2113
630,1404
630,2957
630,666
630,573
631,2376
631,1257
631,2352
631,269
631,406
631,1844
631,3143
631,2309
631,3143
631,2352
632,2225
632,1736
633,3368
633,218
633,2236
633,3139
634,2171
634,1312
634,1312
634,753
634,1219
634,1513
634,2387
634,1329
634,2171
634,2168
634,2245
634,1217
634,118
634,2245
634,118
635,914
635,2243
635,1544
635,48
635,709
635,3434
635,2239
635,324
635,324
635,2239
635,3434
635,709
635,1544
635,914
636,24
636,1203
636,55
636,71
636,245
636,990
636,567
636,2129
636,2129
636,245
636,567
636,71
636,990
636,55
636,1203
636,24
637,2677
637,585
637,3391
637,2518
637,2243
637,2933
637,2274
637,1530
637,646
637,2065
637,1568
637,1986
637,1405
637,1584
637,678
637,1986
637,2065
637,1405
637,1530
638,1970
638,2416
638,1596
638,2121
638,3109
638,3130
638,123
638,2377
638,123
638,2416
638,3109
638,1596
639,640
639,884
639,1098
639,3486
639,2652
639,2986
639,3486
640,1505
640,901
640,2490
640,1831
640,1505
640,2490
641,1541
641,1461
641,464
641,2518
641,891
641,1460
641,1692
641,344
641,344
641,1461
641,1541
641,2518
641,464
641,1692
641,891
641,2518
641,1461
641,1541
642,1009
642,1392
642,310
642,2712
642,1392
642,310
642,2712
643,587
643,975
643,235
643,587
643,801
643,975
644,3354
644,2399
644,1680
644,967
644,3187
644,94
644,967
644,761
644,94
644,2399
644,1680
644,3354
644,1250
644,3187
645,1467
645,564
645,3423
645,3256
645,624
645,3246
645,1467
645,564
645,3246
645,3423
645,3256
646,1243
646,1910
646,479
646,907
646,809
646,102
646,3018
646,2243
647,1038
647,2285
647,2300
647,2513
647,828
647,1038
647,2285
647,2300
647,2513
647,635
647,828
647,2513
647,635
647,828
647,1038
647,2285
648,1207
648,1081
648,302
648,882
648,416
648,2686
648,2859
648,302
648,2859
649,3497
649,1349
649,3040
649,701
649,907
649,440
649,2367
649,75
650,1291
650,1999
650,1367
650,3200
650,86
650,2488
650,289
650,1818
650,1818
650,2488
650,86
650,289
650,3200
650,1367
650,1999
650,1291
651,735
651,45
651,2407
651,542
651,3149
651,2773
651,3266
651,756
652,1776
652,1832
652,930
652,2955
652,2163
652,2163
652,1269
652,3060
652,1269
652,2163
652,2955
652,930
652,1832
652,1776
652,2634
653,2706
653,2401
653,3142
653,2338
654,2816
654,2722
654,2816
654,1938
655,1274
655,1147
655,1756
655,974
655,1133
655,3363
655,3485
655,873
655,3485
655,3363
655,1133
655,974
655,1756
655,1147
655,1274
656,1052
656,3275
656,1149
656,2064
656,3275
656,3298
656,2746
656,1052
656,2181
656,615
657,2053
657,1064
657,699
657,3453
657,315
657,2895
657,1208
657,969
657,699
657,2053
658,1500
658,584
658,1486
658,3446
658,584
658,2976
658,1486
658,652
658,1500
659,2817
659,2152
659,3082
659,1002
659,481
659,1431
660,2805
660,1667
660,421
660,2558
660,2693
660,2626
660,2764
660,2931
660,2764
660,2626
660,421
660,1667
660,2931
660,2764
660,2693
660,2558
660,2805
661,3220
661,1811
661,1403
661,644
661,1337
661,2220
661,214
661,1811
661,1403
661,644
661,2220
662,757
662,221
662,2665
662,1587
662,744
662,2018
662,2243
662,1417
662,1417
662,2243
662,2018
662,2665
662,221
662,757
663,697
663,1007
663,50
663,1323
663,1146
663,483
663,289
663,596
663,596
663,289
663,483
663,1146
663,50
663,1007
663,697
664,738
664,2861
665,669
665,3252
665,1103
665,1103
665,1115
665,3252
665,2791
665,1713
665,669
665,2480
665,825
666,838
666,3168
666,719
666,1088
666,3262
666,2992
666,1230
666,2305
666,1230
666,3262
666,2305
666,719
667,2647
667,2811
667,404
667,2647
667,2811
667,1658
667,652
667,1646
668,0
668,1759
668,2966
668,390
668,933
668,958
669,1817
669,1299
669,597
669,718
669,975
669,1608
669,2451
669,1681
670,392
670,1478
670,2687
670,1100
670,1503
670,288
670,41
670,3388
670,41
670,288
670,1478
671,1491
671,3130
671,44
671,2810
671,1793
671,1491
671,3130
671,3130
671,1491
671,718
671,1793
671,115
671,2155
671,2810
671,44
672,3327
672,1822
672,564
672,1925
672,2266
672,2911
672,1621
672,3466
672,2911
672,3466
673,2217
673,1461
673,1828
673,3150
673,2850
673,3027
673,1053
673,1300
673,1300
673,3027
673,3150
673,1828
673,1461
673,2217
674,1067
674,2258
674,722
674,722
674,1848
674,2258
674,1067
674,3432
674,1422
674,946
674,1634
675,2959
675,281
675,2386
675,883
675,2951
675,2846
675,1417
675,694
675,2959
675,281
675,2386
675,883
675,2951
675,2846
675,1417
675,694
676,1775
676,1588
676,2424
676,2401
676,1377
676,2720
676,2932
676,2932
676,16
676,2720
676,1377
676,2401
676,2424
676,1588
676,1775
677,1275
677,3253
677,1672
677,2714
677,1262
677,2638
677,395
677,3266
678,1912
678,695
679,2417
679,2625
679,2425
679,3476
679,1225
679,260
679,2586
679,505
680,1916
680,2808
680,634
680,675
680,2521
680,2808
681,2246
681,2551
681,1232
681,1232
681,2551
681,695
681,199
681,1819
681,147
681,499
681,2246
682,3374
682,2919
682,3113
682,975
682,2904
682,1727
682,2919
682,975
682,1576
682,3374
682,3113
682,3381
683,3478
683,2526
683,312
683,3042
684,695
684,718
684,1215
684,922
685,2947
685,743
685,700
685,3377
685,924
685,3321
685,598
685,3454
686,296
686,2366
686,3107
686,1007
686,2263
686,2872
686,1284
686,2101
687,2867
687,2624
687,676
687,2524
687,3479
687,3097
688,546
688,889
688,2498
688,2707
688,1901
688,3422
689,2879
689,3026
689,888
689,2073
689,170
689,208
689,2460
689,2345
690,2876
690,1531
691,384
691,248
691,1891
691,569
691,1597
691,976
691,303
691,616
692,24
692,2243
692,2980
692,1383
692,32
692,24
692,2243
692,1383
692,24
692,1499
692,32
692,1014
692,647
692,2980
693,628
693,2739
694,240
694,3426
694,409
694,2454
694,1971
694,300
694,2971
694,2454
694,2971
694,1971
694,300
695,2054
695,1791
695,2013
695,3451
695,1897
696,1296
696,1274
696,2590
696,2320
696,1274
696,2253
696,1358
696,1883
696,1883
696,1358
696,2590
696,1274
696,1296
696,2320
696,2253
696,2518
697,1831
697,1589
698,1905
698,1547
698,881
698,1135
698,1851
698,2664
698,1929
698,1905
698,1547
698,881
698,1851
698,2664
698,1929
699,419
699,728
699,2946
699,1637
699,592
699,1340
699,3324
699,1340
699,3324
699,1637
699,592
699,2946
699,1637
699,3324
699,728
699,1372
699,419
699,1340
699,1372
699,3324
699,1637
699,592
699,728
699,2946
700,1
700,709
700,140
700,3454
700,914
700,3271
700,2271
700,102
701,1462
701,757
701,284
701,2875
702,2396
702,3315
702,1862
703,2811
703,2120
704,66
704,1678
705,1468
705,642
705,83
705,317
705,1468
705,83
705,1017
705,642
705,317
705,83
705,1161
705,58
706,654
706,2554
706,954
706,654
706,2554
706,975
706,1377
706,96
706,3393
706,654
706,425
706,3393
706,96
706,1377
706,975
706,2554
706,425
706,654
706,954
706,975
706,96
706,954
706,3393
707,2443
707,2023
707,2294
708,1094
708,3380
708,2147
708,2321
709,1459
709,1047
709,3156
709,2535
709,1876
709,1925
709,195
709,2580
709,662
710,2427
710,103
710,1436
710,2596
710,3119
710,1099
710,2221
710,2561
710,3218
710,3218
710,2561
710,1099
710,103
710,2427
711,2754
711,1024
711,2082
711,2945
712,3018
712,1665
712,3005
712,2228
712,163
712,2900
712,2752
712,1715
712,833
712,833
712,1715
712,163
712,2228
712,1665
712,3018
712,2752
712,2900
712,3005
713,1760
713,3449
713,2276
713,2965
714,1616
714,3198
714,1616
714,1579
714,3198
714,2189
714,1928
714,795
715,1222
715,340
715,1227
715,3367
715,3347
715,898
715,1322
715,343
715,2710
715,343
715,3347
715,1227
716,1349
716,1387
716,1365
716,2533
716,1456
717,1239
717,2066
717,2926
717,2017
717,2812
717,701
717,1720
717,2390
717,2243
717,2243
717,2390
717,1720
717,701
717,2812
717,2926
717,2066
718,811
718,1494
718,3147
718,2160
718,811
718,2908
718,1494
718,601
719,2100
719,3001
719,30
719,1572
719,3317
719,1644
719,1246
719,783
719,2036
719,2036
719,783
719,1246
719,1644
719,3317
719,1572
719,3001
719,2100
720,697
720,718
720,2700
720,3263
720,1817
721,1153
721,403
721,602
721,3443
722,1548
722,1123
722,437
722,2942
722,1116
722,3018
722,521
722,3409
722,1939
722,3409
722,1123
723,1961
723,3292
723,163
723,788
723,281
723,2518
723,1296
723,2768
724,1549
724,243
725,350
725,3172
725,1020
725,67
725,3426
725,211
725,2418
725,272
725,2643
725,2643
725,272
725,211
725,350
726,2758
726,37
726,2736
726,3314
726,66
726,2432
726,727
726,2736
726,727
726,66
726,3481
726,3314
726,37
726,2432
726,2758
726,1234
727,2169
727,254
727,3080
727,3080
727,254
727,2169
727,2032
727,3372
727,3350
727,2317
727,2353
727,1142
728,3021
728,281
728,1860
728,1457
728,2928
728,163
728,2062
728,1603
729,2647
729,1721
730,2256
730,1153
730,2798
730,2727
730,3493
730,1185
730,2633
731,3214
731,2440
731,3258
731,1006
731,1316
731,1439
731,1116
731,2522
731,3050
731,1316
731,1006
731,3258
732,1961
732,2798
732,596
732,289
732,2139
732,1285
732,1631
733,61
733,2588
733,3183
733,627
733,2658
733,2934
733,2659
733,2255
733,2302
733,2659
733,2934
733,61
734,3070
734,500
734,1570
734,2609
734,995
734,2268
734,2448
734,3316
734,119
734,119
734,2448
734,2268
734,1570
734,500
734,2609
734,3070
735,1002
735,1799
735,997
735,901
735,3479
735,1721
735,221
735,3120
736,2569
736,1815
736,609
736,1696
736,2204
736,1696
736,1221
736,2589
736,2489
736,2204
737,544
737,23
738,1211
738,1504
738,1885
738,3024
738,2520
738,2536
738,3312
738,1504
738,1885
738,798
738,3024
739,368
739,1321
739,2954
739,520
739,426
739,2669
739,1578
739,539
739,3449
739,2954
739,1321
739,3449
739,539
739,1578
739,2669
739,426
739,520
739,1321
740,133
740,1849
740,1888
740,1604
740,3008
740,2653
740,1221
740,133
740,1849
740,1888
740,3441
741,526
741,45
741,87
741,569
741,1516
741,44
741,3065
741,1428
742,3149
742,1510
742,2218
742,589
742,863
742,3305
742,1404
742,3479
742,3305
742,3479
743,2674
743,928
743,829
743,1441
743,1129
743,2786
743,3498
743,637
744,1958
744,1343
744,1313
744,1040
745,697
745,2875
745,557
745,2605
745,1064
745,564
745,802
745,2927
745,1064
745,564
745,802
745,1453
745,2927
745,697
745,1008
745,2668
745,2815
745,2815
745,2527
745,2668
745,911
745,2197
745,1925
745,1192
745,2241
745,1008
746,1095
746,44
746,2916
746,1929
746,197
746,3158
746,2841
746,3203
746,2916
746,2841
746,1929
746,3158
746,3158
746,197
746,1929
746,2162
746,3203
746,2841
746,2916
746,44
746,1095
747,2979
747,1990
747,42
747,2769
747,2510
747,2979
747,42
747,1985
747,2769
747,3495
748,2418
748,1618
748,3228
748,701
748,3398
748,1618
748,3228
748,701
748,2418
748,3398
748,916
748,2616
748,18
748,2309
748,1881
748,2437
748,3449
748,916
748,2309
748,1881
748,3012
748,3449
749,3120
749,1204
749,3360
749,2323
749,1319
749,1221
749,3479
749,1319
749,2323
749,3360
749,2118
749,1204
749,3120
749,269
749,269
749,2118
750,1778
750,227
750,3310
750,1778
750,227
751,3195
751,246
751,3416
751,1280
751,2446
751,1651
751,2039
751,2031
751,3308
751,2039
751,1651
751,2446
751,3308
751,1280
751,3416
751,2031
751,246
751,3195
752,1719
752,3132
752,3068
752,3185
752,1951
753,3336
753,3079
753,2218
753,1152
753,859
753,3083
753,1152
753,859
753,3083
754,1112
754,400
754,2118
754,2358
754,1978
754,3000
755,1117
755,725
755,1946
755,718
755,1894
755,1397
755,552
755,2655
755,718
755,1362
755,725
755,1946
755,1117
755,1362
755,2655
755,1397
755,1894
756,836
756,1902
757,1754
757,663
757,2553
757,2689
757,596
757,2071
757,1941
757,2856
757,596
758,68
758,113
758,2296
758,769
758,977
758,490
758,113
758,1823
758,769
758,2828
758,294
758,2296
758,68
759,3496
759,608
759,2000
759,3048
759,3470
759,2348
760,3077
760,901
760,2826
760,1269
760,3041
760,2815
760,2877
760,3077
760,2815
761,1810
761,2692
761,1865
761,2839
761,647
761,1240
761,70
761,1379
761,3051
762,1941
762,1628
762,2773
762,3212
762,3361
762,1181
762,1291
763,567
763,2923
763,476
763,2923
763,1444
763,567
763,1365
763,1251
763,3090
763,578
763,3415
763,1251
763,2923
763,476
764,3285
764,1113
764,741
764,1113
764,896
764,3341
765,1652
765,2882
765,2882
765,718
765,2527
765,3094
765,521
765,31
765,1652
765,2710
765,2740
766,2114
766,718
766,1797
767,3479
767,2269
767,1187
767,2105
767,3479
767,1187
767,1983
767,114
767,2269
767,1252
767,2717
767,2105
768,2565
768,2515
768,1448
768,639
768,639
768,2437
768,40
768,3288
769,158
769,140
769,798
769,158
769,140
769,1042
769,798
769,396
769,2676
770,2089
770,1669
770,256
770,2140
770,1709
770,3424
770,2688
770,1737
770,2048
770,2089
770,1669
770,256
770,2140
770,1709
770,3424
770,2688
770,1737
770,2048
771,3211
771,2329
771,1668
771,3306
771,2508
771,1065
771,3030
771,2929
771,1563
772,2049
772,271
772,3449
772,362
772,2810
772,2960
772,30
772,1118
772,17
772,362
772,2049
773,1511
773,702
773,378
773,2837
774,1164
774,1423
774,1423
774,364
774,1695
774,1955
774,658
774,1200
774,1164
774,2083
774,2172
774,1695
774,364
775,1224
775,2518
775,1019
775,2493
775,1061
775,936
775,905
775,1611
775,1860
776,519
776,1425
776,1396
776,1722
776,2013
776,870
776,2690
776,3269
777,1857
777,1394
777,1878
777,305
778,2453
778,2726
778,1761
778,2726
778,965
778,2453
778,1761
778,3459
778,2158
778,2726
778,1575
778,1798
779,469
779,3153
779,1421
779,557
779,2312
779,1745
779,3245
779,2422
779,1882
779,2312
779,1745
779,3245
779,557
779,469
779,3153
779,1421
779,2422
779,1882
780,558
780,146
781,2471
781,1830
781,1883
781,1213
781,2306
781,1739
781,2472
781,1061
781,3194
782,1570
782,434
782,3041
782,137
782,608
782,3041
782,137
782,2794
782,2795
782,589
782,2794
782,608
782,3041
783,230
783,2333
783,1155
783,3210
783,3153
783,230
783,598
784,1271
784,1929
784,855
784,418
784,907
784,907
784,418
784,2825
784,375
784,568
784,1929
784,1144
784,1271
784,855
785,583
785,2700
785,2415
785,3479
785,718
785,1299
785,899
785,915
785,2709
785,2709
785,1299
785,718
785,2415
785,2700
785,583
786,901
786,349
786,1831
786,1852
786,1589
786,2218
786,51
786,1183
786,2251
787,3233
787,2865
787,1860
787,1797
787,3298
787,970
787,1120
787,3233
787,2865
787,2207
787,3298
787,970
787,2395
788,1979
788,1299
788,3280
788,336
788,655
788,1979
788,1299
788,655
788,1979
788,1299
788,718
789,1560
789,1843
789,2559
789,3407
789,3181
789,1442
789,21
789,1289
789,1351
789,1351
789,3407
789,2559
789,1560
790,2246
790,334
790,2246
790,334
790,1729
790,2223
791,1864
791,1907
791,2657
791,2600
791,3383
791,2037
791,2102
791,824
791,1043
791,1043
791,824
791,2102
791,2600
791,2657
791,3383
791,1907
792,2217
792,1861
792,1374
792,437
792,3206
792,149
792,149
792,3206
792,437
792,1374
792,1675
792,1861
792,1542
792,3205
792,2217
793,1380
793,748
793,2398
793,2465
793,200
793,874
793,2398
793,748
793,200
793,1380
793,2808
793,2465
793,3124
793,675
793,675
793,3124
793,2465
793,2808
793,1380
793,748
794,1446
794,2724
794,2531
794,2369
794,1547
794,3344
795,228
795,1586
795,3382
795,2532
795,228
795,1586
796,2354
796,2411
796,1933
796,1691
796,2093
796,1382
796,2866
796,1014
796,2467
796,2866
796,1382
796,2467
796,1014
796,2093
796,1691
796,1933
797,3282
797,1535
797,1261
797,1732
797,1953
797,331
797,1633
797,427
797,781
798,2305
798,3331
798,3333
798,355
798,1670
798,1953
798,1953
798,3333
798,1013
798,112
798,1592
798,3331
798,2305
798,1670
798,355
799,1102
799,3188
799,1962
799,2855
799,3235
799,3427
799,1501
799,480
799,4
799,4
799,2855
799,1962
799,480
799,1501
799,3427
799,3235
799,3188
799,1102
800,1433
800,2978
800,793
800,1864
800,2385
800,1132
800,3472
800,2623
800,905
800,3472
800,1132
800,2385
800,1864
800,793
800,1433
801,2582
801,1757
801,326
801,3152
801,2582
801,2337
802,1016
802,109
802,2484
802,1061
802,275
802,2278
802,2402
802,517
802,517
802,109
802,1016
802,2402
802,2278
802,2864
802,275
802,1061
802,2484
803,2903
803,1665
803,1175
803,1385
803,437
803,2892
803,281
803,330
803,1544
803,1351
803,1175
803,2903
804,249
804,2313
804,1883
804,1804
804,249
804,2313
804,1804
804,2326
804,2271
804,1612
804,3491
805,125
805,174
805,422
805,1310
805,8
805,2778
805,2581
805,890
805,2663
805,613
805,613
805,2581
805,8
805,1310
805,125
806,2414
806,2280
806,1677
806,533
806,84
806,1590
806,1128
806,2936
806,132
806,2019
806,2019
806,132
806,1590
806,84
806,533
806,1677
807,2628
807,1265
807,1332
807,954
807,1772
807,2096
807,954
807,1330
807,954
807,1159
808,2745
808,301
808,746
808,57
808,3366
808,1279
808,2308
808,301
808,746
808,3366
808,755
809,772
809,1236
809,383
809,1091
809,92
809,465
809,1326
809,2602
809,363
809,1269
810,270
810,2729
810,2729
810,1910
810,3178
810,627
810,2598
810,1698
810,3178
810,627
810,270
810,1910
811,602
811,1080
811,3307
811,843
811,2719
811,2292
811,1545
811,2062
811,3249
811,1010
811,3249
811,1545
811,3307
812,1690
812,1228
812,277
812,2585
812,955
812,775
812,3492
812,3078
812,3418
812,3449
813,2773
813,289
813,628
813,1581
813,860
813,2836
813,2051
813,3146
813,1324
813,1245
813,1245
813,3146
813,2051
813,2836
813,860
813,628
813,289
813,2773
814,1703
814,177
814,2776
814,3410
814,532
814,319
814,1927
815,866
815,281
815,2107
815,676
815,1269
815,3326
815,866
815,281
815,2107
815,1269
815,3173
815,1707
815,619
816,3330
816,2885
816,3356
816,1221
816,3097
816,3452
816,2827
816,2316
816,2390
816,1244
816,3097
816,3330
816,3452
816,1221
817,696
817,63
817,3332
818,3173
818,808
818,741
818,1655
818,3399
818,3123
818,1805
818,73
818,2365
818,1743
818,73
818,1805
818,3123
818,3399
818,741
818,808
819,1409
819,2566
819,2906
819,1063
819,3463
820,1450
820,282
820,3164
820,2893
820,3203
820,927
820,1480
820,2988
820,282
820,3203
820,1697
820,927
820,1904
820,1480
820,2988
821,1975
821,3370
821,3223
821,148
821,2600
821,148
821,944
822,2504
822,404
822,1415
822,3494
822,150
822,3360
822,2447
822,2519
822,3494
822,150
823,2676
823,442
824,2573
824,2591
824,1157
824,2730
824,215
824,2800
824,226
824,1465
824,1435
824,2711
824,2573
824,2591
824,2730
825,3427
825,2612
825,2756
825,3427
825,3116
825,2450
825,298
825,2756
825,1231
825,2612
825,2756
825,2450
825,1987
825,298
825,1231
826,3433
826,2930
826,1388
826,1235
826,2056
826,3136
826,2219
826,2960
826,2562
826,2503
826,2960
826,2219
826,2930
827,1317
827,2726
827,3189
827,3371
827,1789
827,1141
827,2716
827,1789
827,1141
828,839
828,2156
828,745
828,1148
828,3134
828,3307
828,2706
828,3405
828,2222
828,745
828,3134
828,399
828,2706
828,2222
828,839
828,745
828,3134
828,2222
828,839
828,2156
828,1148
828,3307
828,2706
828,3405
828,399
828,2706
828,3405
828,1148
828,2222
829,1827
829,2585
829,2944
829,1498
829,2193
829,3479
829,3479
829,289
829,641
829,2370
829,2193
829,1498
829,2047
829,2585
829,2944
829,1827
830,2634
830,2006
830,2393
830,1601
830,3170
831,959
831,1401
831,1605
831,1401
831,1605
831,2356
831,852
831,116
831,1089
831,2636
831,24
831,2196
831,2636
831,24
831,1605
831,2356
831,852
832,2797
832,1875
832,281
832,2150
832,3171
832,2599
832,280
833,2213
833,1097
833,530
833,2824
833,1508
833,3369
833,2824
833,2256
834,1661
834,2550
834,1729
834,2025
834,2057
834,2812
834,2791
835,2811
835,2796
835,877
835,3157
835,241
835,764
835,2478
835,2494
835,764
835,2811
835,2796
835,2478
835,2494
835,3157
835,241
835,764
836,2438
836,1402
836,600
836,1859
837,2926
837,1461
837,2996
837,2234
837,3034
837,2926
837,1918
837,153
837,2962
837,2234
838,1512
838,2470
838,2682
838,820
839,281
839,3238
839,98
839,798
839,956
839,2412
839,3238
840,2130
840,1299
840,1817
840,572
840,2671
840,597
840,3359
840,196
841,3141
841,1887
841,213
841,2363
841,2357
841,856
841,468
841,3171
841,1794
841,1794
841,3171
841,468
841,856
841,2357
841,2363
841,213
841,1887
841,3141
841,593
842,929
842,1781
842,2773
842,3353
842,1064
842,3125
843,270
843,2506
844,2369
844,1090
844,2249
844,1948
844,1831
844,110
844,2327
844,188
844,2715
844,2364
844,110
844,1090
844,2369
845,1993
845,525
845,2726
845,828
845,1545
845,333
846,1995
846,917
846,781
846,2230
846,674
846,2507
846,1502
846,2981
846,3260
846,2724
846,781
846,1995
846,2981
846,917
846,3260
846,2230
846,2724
846,2507
847,752
847,2165
847,752
847,2902
847,864
847,2165
847,2576
847,1220
847,1347
847,1636
847,978
848,3226
848,1170
848,3047
848,2874
848,3226
848,1170
848,3047
848,2874
848,2744
848,2076
848,484
848,1839
848,1419
848,2744
848,1839
848,1419
848,2076
848,484
849,2585
849,3149
849,1975
849,3140
849,129
849,2726
849,1975
849,2585
849,439
849,3149
850,2290
850,1900
850,3039
850,1660
850,277
850,1714
850,2290
850,5
851,141
851,5
851,1546
851,3311
851,141
851,3098
851,3479
851,1484
851,5
851,1546
851,274
851,3311
852,952
852,1499
852,1625
852,1294
852,1894
852,206
852,2552
852,2128
852,2246
852,1625
852,1294
852,206
852,1894
852,2552
853,909
853,2772
853,447
853,159
853,1763
853,111
853,2136
853,3165
854,427
854,2288
854,1538
854,919
854,477
854,1242
854,427
854,2288
854,1538
854,919
854,477
854,1242
854,805
855,933
855,2975
855,2238
855,2684
855,2687
855,3087
855,2391
855,2684
855,2687
855,3087
855,181
855,3081
855,379
856,2336
856,3469
856,3390
856,1360
856,2501
856,2336
856,1360
856,2501
857,2151
857,2021
857,765
857,660
857,189
857,2749
857,2803
858,2765
858,1461
858,2419
858,374
858,183
858,1277
858,1327
858,685
858,886
858,2419
858,1461
858,2765
858,2034
859,1989
859,2843
859,567
859,3118
859,1792
859,3067
859,44
859,2945
859,2843
859,3118
859,567
859,1989
859,3389
859,323
860,1210
860,1295
860,2563
860,2541
860,78
860,1083
860,135
860,364
860,1750
860,78
860,2541
860,1750
860,364
860,135
860,2497
860,1083
860,2563
860,1295
860,1210
861,1305
861,2322
861,2753
861,2734
861,3240
861,2963
861,238
861,2753
861,2963
861,126
862,2431
862,2055
862,628
862,3149
862,12
862,175
862,2133
862,1449
862,1297
862,12
862,2133
862,1449
862,1297
862,628
862,12
862,175
862,2133
862,3149
862,2431
862,1449
862,1297
862,2055
863,3207
863,2933
863,249
863,3161
863,2477
863,1682
863,2607
863,1801
863,479
863,772
864,3444
864,2060
864,1824
864,3461
864,3278
864,3461
864,931
865,800
865,289
865,1198
865,508
865,804
865,1055
865,467
866,437
866,581
866,809
866,2584
866,327
866,2337
866,3027
866,2493
867,2384
867,1282
867,1998
867,1164
867,2914
867,2999
867,1687
867,2579
867,93
867,121
867,2999
867,1164
867,2914
867,1282
868,689
868,2483
868,1137
868,2767
868,689
868,2541
868,1769
868,259
868,2544
868,914
868,2483
868,1137
869,567
869,2796
869,2120
869,193
869,169
869,193
869,3451
869,169
870,3138
870,1800
870,2825
870,2243
870,691
870,163
870,430
870,551
870,2806
870,1929
871,462
871,3
871,1119
871,3221
871,2735
871,3115
871,1430
871,394
871,2910
871,2991
871,2910
871,2910
871,3221
871,1119
871,2991
871,394
871,1430
871,3115
871,3
871,462
871,2735
872,729
872,1389
872,2180
872,2469
872,1782
872,186
873,2009
873,2189
873,52
873,550
873,687
873,2517
874,1787
874,1492
874,1165
874,2830
874,134
874,1518
874,2186
875,611
875,1390
875,1680
875,444
875,2373
875,255
875,631
875,1567
876,1061
876,2518
876,709
876,1890
876,2402
876,1929
876,1435
876,1417
877,567
877,1331
877,3221
877,2901
878,1345
878,3149
878,22
878,2576
878,2407
878,2748
878,756
878,1238
878,567
878,667
878,667
878,567
878,756
878,2748
878,2407
878,2576
878,22
878,3149
879,1922
879,1351
879,1942
879,552
879,3479
879,1664
879,1533
879,2640
879,3336
879,2229
879,1664
879,2640
879,3336
880,1954
880,1369
880,1588
880,1588
880,3126
880,2298
880,1369
880,1954
880,599
880,321
880,1050
880,2804
880,2232
881,791
881,2974
881,3188
881,2382
881,3473
881,2750
882,2880
882,951
883,2786
883,3243
883,460
883,939
883,1378
883,695
883,253
883,2617
883,3135
883,3182
883,695
883,1378
883,939
883,460
883,3243
883,2786
883,2786
883,3243
883,460
883,939
883,1378
883,695
883,3182
884,2590
884,906
884,961
884,679
884,975
884,30
884,3281
884,1926
884,1561
884,608
885,2502
885,2868
885,46
885,386
885,1657
885,300
885,2600
885,852
885,1184
885,2334
885,300
885,386
885,852
885,1657
885,2600
886,1241
886,47
886,2650
886,1412
886,3457
887,900
887,1502
