bundle ID,item ID
0,5562
0,54397
0,54398
0,54399
0,54400
0,54401
0,44028
1,44028
1,54400
1,54399
1,54398
2,54397
2,5562
3,15347
3,40022
3,42705
4,54620
4,310
4,16165
4,20679
4,17513
4,42436
4,35263
4,33809
5,51654
5,23213
5,19489
5,25098
5,33518
6,14995
6,61
7,2560
7,26423
7,2464
8,17273
8,42833
8,29625
8,48374
9,48374
9,29625
10,14302
10,13889
10,54500
11,35873
11,17468
12,48563
12,42405
13,18185
13,52580
14,22460
14,10606
14,7110
15,52498
15,5252
16,16939
16,54663
16,47844
16,16885
16,9868
16,19282
16,32258
16,44804
16,6491
16,48921
17,48921
17,47844
18,46121
18,18353
19,36865
19,9856
20,17513
20,31914
20,40452
20,52568
20,35393
20,42180
20,12062
20,9397
20,25016
20,10186
21,10186
21,12062
21,42180
21,17513
22,22549
22,18764
23,22840
23,33922
23,3152
24,15174
24,35988
25,36099
25,746
26,17629
26,37519
27,22509
27,28314
27,50988
28,54340
28,54339
29,52517
29,54340
29,39763
30,15131
30,49394
31,37488
31,4368
32,37837
32,24733
32,28447
32,54625
32,7196
33,24733
33,28447
33,7196
34,24870
34,36649
35,33910
35,33014
35,20066
35,16611
35,37457
36,54759
36,54757
36,36351
37,53385
37,3400
37,31470
38,13425
38,49250
38,31755
39,27790
39,13425
39,49250
39,31470
40,49250
40,31755
41,54380
41,54379
41,54378
42,46264
42,53783
42,54377
43,8094
43,54377
43,53783
43,46264
43,54378
43,54379
43,54380
44,17368
44,23344
45,23344
45,47841
45,28038
45,17368
46,53660
46,16225
46,4479
46,7505
46,33694
46,31320
47,306
47,4236
48,53660
48,16225
49,47171
49,36780
50,7779
50,51820
51,54365
51,42579
52,8081
52,31100
53,42579
53,31100
54,22262
54,42579
55,46418
55,36865
56,23009
56,54602
57,4923
57,9541
57,52284
58,4622
58,9283
58,38368
59,4923
59,19984
59,9541
59,52284
60,8193
60,18931
60,45446
61,8193
61,45446
62,39003
62,7966
62,25982
62,45069
63,23527
63,10309
63,20843
64,14821
64,53894
65,33486
65,27719
66,27634
66,18975
66,18503
67,43188
67,45138
67,53264
67,31566
67,51884
67,10449
68,19290
68,46355
69,19290
69,46355
69,10449
70,28766
70,26324
71,35667
71,19791
72,51123
72,31685
72,3379
73,51649
73,1717
73,54499
74,54499
74,1717
75,26916
75,14019
75,10715
75,37293
75,54432
75,10378
75,11100
75,37609
76,47533
76,33809
76,46029
76,8180
76,42041
76,30485
77,9982
77,18339
77,6508
78,23239
78,38015
79,53052
79,27475
79,13095
80,38757
80,3498
80,7347
80,16845
80,40051
80,7755
80,44571
80,10171
81,7755
81,10171
82,10171
82,44571
82,7755
82,40051
82,16845
82,7347
82,3498
82,38757
83,46660
83,7111
83,53037
84,18043
84,54361
85,44033
85,37213
86,44033
86,18043
86,54361
86,37213
87,2336
87,53206
87,29066
87,4780
87,54396
87,52781
87,42337
88,21821
88,29942
88,29819
88,53383
88,10767
88,54552
89,14764
89,23976
89,50518
89,12180
89,40128
90,12180
90,14764
91,40128
91,50518
91,23976
92,42355
92,35983
93,43037
93,44436
94,1414
94,51946
94,53805
95,3421
95,26311
95,47476
95,7442
96,1414
96,26311
97,44564
97,53805
98,26311
98,47476
99,3421
99,7442
100,7554
100,28694
100,48815
100,50544
100,22217
100,10125
100,21311
101,52169
101,53193
101,40922
101,30773
101,6697
101,23912
101,31596
102,12080
102,26801
103,2170
103,38970
104,40515
104,26659
105,26801
105,40515
105,2170
105,38970
106,539
106,36273
106,5171
106,37936
106,21750
106,31866
106,32562
106,23104
107,24104
107,24865
108,41753
108,36286
109,46702
109,15996
110,42385
110,31994
110,40386
110,22285
110,32009
110,13592
110,7796
111,13592
111,32009
111,22285
111,40386
111,42385
112,42076
112,31214
112,21610
113,34766
113,21081
113,37146
113,9065
113,27596
113,51546
113,13325
113,35542
114,35542
114,13325
114,51546
114,27596
114,9065
115,45933
115,32800
115,3228
115,42901
115,7721
115,33937
115,54572
116,43541
116,35263
116,6697
117,33809
117,17513
118,16262
118,25985
118,19395
118,29246
118,31293
118,52548
118,52660
118,41284
118,46266
118,47988
119,7899
119,16614
119,31355
120,33156
120,29508
120,50200
120,50910
121,50910
121,29508
122,22450
122,9315
123,9315
123,47640
123,34901
123,22450
123,40412
124,47640
124,9315
125,40412
125,34901
125,47640
126,38368
126,16413
127,9000
127,22092
128,16686
128,48889
128,41968
129,22092
129,9000
129,41968
129,48889
129,16686
130,5701
130,8112
130,39198
130,2876
130,54569
131,48452
131,54569
131,54090
131,2876
131,39198
131,8112
131,5701
132,41713
132,47626
133,40027
133,45050
133,18650
133,41730
134,17810
134,17468
135,2560
135,17468
135,385
135,17810
136,24147
136,40456
137,23912
137,9033
138,40456
138,9033
138,23912
138,24147
139,38823
139,42790
139,28216
140,2220
140,48573
141,43897
141,39379
142,42180
142,35672
143,48255
143,45083
143,54717
143,41787
143,10045
143,54716
143,50704
144,51197
144,3522
144,42786
144,47076
144,946
145,33525
145,25409
146,44069
146,24638
146,5901
146,34575
146,27823
146,34906
147,14311
147,52677
148,48194
148,33251
148,15614
149,1038
149,38729
149,11584
149,5239
149,41109
149,9390
150,38729
150,1038
151,28336
151,35262
152,28336
152,53034
153,759
153,15943
153,12025
153,13933
153,52741
154,759
154,12025
154,13933
154,52741
155,49868
155,22955
156,52819
156,15943
157,39777
157,45110
157,336
157,54520
158,54520
158,336
158,45110
158,39777
158,54521
159,15989
159,15675
160,3192
160,6706
161,29522
161,40116
161,1931
162,24167
162,31529
162,10110
162,2512
162,50925
162,40953
162,31577
162,23776
163,23776
163,2512
163,10110
164,31577
164,24167
165,54771
165,54768
165,347
166,11921
166,22483
166,12635
167,11921
167,12273
168,42899
168,44516
168,12273
169,22483
169,44516
170,50774
170,14980
171,50774
171,52124
172,52124
172,14980
172,50774
172,4700
173,4882
173,18005
173,40106
173,53407
173,39379
173,8418
173,16967
173,317
174,16967
174,18005
175,317
175,8418
175,39379
175,4882
176,49145
176,10254
177,14295
177,32053
178,50676
178,14843
178,31528
179,31528
179,14843
180,6068
180,54410
181,6068
181,5718
182,11007
182,2982
183,17513
183,50614
184,39393
184,54785
184,52687
184,54784
184,29177
185,42046
185,30198
185,6319
185,24291
185,2049
186,42798
186,43817
186,1748
186,20965
187,52389
187,14764
188,34227
188,44564
188,9810
188,47886
188,20601
188,8869
188,26523
188,25635
189,9810
189,44564
189,34227
190,32443
190,17810
190,4649
190,34305
191,13380
191,4649
191,34305
192,36165
192,50610
192,4293
192,54565
192,44936
192,9226
192,54566
193,26392
193,37392
193,24431
193,48659
193,16491
193,26795
194,24431
194,48659
194,16491
195,37293
195,10906
195,29268
195,42899
195,15468
196,21572
196,1464
197,42134
197,12994
197,54573
197,700
197,25763
198,12994
198,700
199,54054
199,52724
199,46127
199,19468
199,50106
199,4018
199,45418
199,993
200,45418
200,4018
200,50106
200,19468
200,46127
200,52724
201,26674
201,49153
201,28283
201,47971
202,28283
202,49153
202,26674
203,6443
203,31784
203,36708
203,42807
203,40549
203,14563
203,54389
204,54389
204,14563
204,42807
204,36708
204,31784
204,6443
205,54362
205,28079
205,10162
205,54363
205,41499
205,54364
206,20320
206,22931
206,40092
206,45237
207,40092
207,22931
208,14569
208,326
208,25197
208,33095
208,26871
209,14569
209,326
209,26871
210,21736
210,26530
210,25197
210,51899
211,29943
211,19173
211,44563
211,8346
211,54574
211,10420
211,18797
212,18797
212,54574
212,8346
213,19173
213,29943
214,14355
214,11443
214,33812
214,3880
214,52552
215,833
215,54438
215,27711
215,15678
216,3270
216,45023
216,32727
217,26673
217,24824
217,38368
218,34869
218,33057
219,33006
219,41935
220,42180
220,20223
221,12290
221,17556
221,38583
222,54429
222,54082
222,54426
223,54431
223,54428
223,18664
224,45011
224,36092
224,46017
225,54730
225,4944
226,39687
226,18101
227,35176
227,16252
228,38559
228,23964
228,6548
229,46619
229,41591
229,8414
229,23996
230,23996
230,8414
230,41591
230,23042
230,46619
231,54479
231,54478
232,41135
232,5842
233,31725
233,664
233,48189
234,54479
234,41135
234,5842
234,44290
234,54478
235,48189
235,54478
235,664
235,44290
235,31725
235,5842
235,41135
235,54479
236,7855
236,1446
237,53878
237,7642
238,37463
238,2850
239,189
239,37463
239,4593
239,2850
239,2014
240,46408
240,53162
241,6644
241,50126
242,51326
242,50346
242,42337
242,33230
243,22037
243,54653
243,10795
244,10795
244,49394
244,54653
244,21243
244,20556
244,22037
244,33230
244,42337
244,50346
244,51326
245,21243
245,49394
246,3016
246,44037
246,37258
246,4852
247,15477
247,5322
248,24658
248,2615
248,5322
248,18957
248,15477
248,25973
248,38214
249,28562
249,36554
250,28562
250,36554
250,54069
251,2152
251,42633
251,38816
251,22942
252,48734
252,30675
253,30675
253,48734
253,37174
254,25991
254,26518
255,37780
255,10872
256,10872
256,40048
257,39777
257,42180
258,42180
258,682
258,39777
258,54509
259,47576
259,13195
259,49330
259,18529
259,31995
259,54621
259,38015
259,41069
260,48350
260,39083
261,12673
261,51619
262,47827
262,35351
262,26236
263,35831
263,53818
263,26236
263,5085
263,35351
263,21890
263,47827
264,47827
264,35351
264,5085
264,26236
265,21890
265,53818
266,47526
266,28361
266,47294
266,53873
267,24927
267,2268
268,32254
268,51946
268,3895
268,24927
269,32254
269,17664
269,3895
270,17664
270,2268
271,25222
271,2268
272,32113
272,26417
272,41282
273,11295
273,18114
273,8720
274,41282
274,26417
274,8720
274,18114
274,11295
274,34008
274,32940
274,32113
275,7110
275,51633
276,47244
276,29815
277,54407
277,54406
278,54407
278,54406
278,47244
279,29815
279,47244
279,54406
279,42931
279,54407
279,51633
279,7110
280,54420
280,54421
280,40703
280,4383
280,54422
280,54423
280,54424
280,34411
281,34411
281,54424
281,54423
281,54422
281,4383
281,40703
281,54421
282,34545
282,33363
282,7042
282,44535
282,40344
282,36695
283,25919
283,12930
283,27782
283,398
283,54615
283,33919
283,36597
283,54616
284,54616
284,36597
284,33919
284,54615
284,398
284,27782
284,25919
285,41684
285,33699
286,33699
286,4649
286,41684
287,47053
287,6015
288,20585
288,39685
288,34372
288,13390
288,11045
289,39685
289,13380
289,11045
290,20585
290,13390
291,19149
291,17405
292,19543
292,20993
293,19149
293,18750
293,36065
293,19543
293,48285
294,53452
294,18636
294,17679
294,12991
294,32281
294,20756
295,9531
295,11750
295,26343
296,14266
296,30709
296,28575
296,39088
296,9606
296,21304
296,24216
297,14266
297,30709
297,28575
297,39088
297,9606
297,21304
297,24216
298,31521
298,38579
298,36511
299,12779
299,49150
299,24137
299,40748
300,40748
300,24137
300,45052
300,49150
300,12779
301,45823
301,14530
302,53781
302,13559
302,29454
302,221
302,24495
302,32654
302,48734
302,45783
303,42148
303,15703
303,15507
303,20484
303,39164
304,42148
304,20484
304,39164
305,50987
305,48363
306,48363
306,41302
306,14226
306,4822
306,50987
306,47311
306,26186
307,14226
307,41302
308,42180
308,52169
308,310
308,21787
308,30773
308,52568
308,50614
309,42180
309,52169
309,310
309,21787
309,30773
309,52568
309,50614
310,22144
310,20239
311,13633
311,15468
312,25804
312,13088
313,19085
313,13088
314,54206
314,41870
314,19085
314,48368
314,19720
315,19085
315,41870
315,54206
316,35285
316,49762
316,42326
317,46117
317,1058
318,54778
318,29459
318,50917
318,28737
319,43502
319,32192
320,18813
320,4172
321,15239
321,43502
321,32192
322,44843
322,34128
322,41565
322,17159
322,9982
323,53322
323,23134
324,18043
324,23134
324,53322
324,18050
325,23134
325,18043
326,50987
326,41405
327,28323
327,41247
327,12069
328,14330
328,49953
328,1026
328,49762
328,39307
328,23471
329,29406
329,28801
329,14890
330,14014
330,164
331,164
331,41533
331,7687
331,14014
331,24296
331,40115
331,6258
332,24296
332,14014
332,41533
333,41069
333,31086
334,52275
334,15099
334,20001
334,41069
335,7196
335,49960
336,20663
336,53581
336,26637
336,2906
336,52080
337,20663
337,54457
337,52080
338,26637
338,2906
338,27450
339,20663
339,53581
339,52080
340,10186
340,9729
341,52673
341,9452
342,3306
342,28766
342,52499
342,30024
342,1570
342,35667
342,33155
343,33155
343,35667
343,1570
343,30024
343,28766
343,3306
344,14311
344,41326
345,1957
345,17368
345,44156
345,3270
345,979
346,979
346,3270
346,25713
346,44156
346,2560
346,33686
346,17368
346,1957
347,46702
347,49974
347,20453
348,49974
348,46702
349,23996
349,50634
349,1127
349,50717
349,16853
349,46369
349,33954
349,48998
350,46369
350,16853
351,2046
351,46049
351,16853
351,31757
352,8474
352,2046
352,46049
352,16853
352,31757
352,26532
353,8474
353,36378
353,35737
353,1446
354,44863
354,33602
355,30760
355,24868
355,53044
355,16714
356,39379
356,45052
357,24906
357,23402
357,4529
358,28414
358,48471
358,1414
358,22614
358,54609
358,15912
358,49284
358,54610
359,48471
359,28414
360,15912
360,54609
360,48471
361,25577
361,5368
361,47982
361,3841
362,3841
362,5368
363,52428
363,54664
363,52120
363,21431
363,52693
363,36992
364,46393
364,31408
365,50292
365,38567
365,29292
366,54596
366,21636
366,11108
367,50292
367,22058
367,38567
367,29292
368,29292
368,38567
368,11108
368,22058
368,21636
368,54596
368,50292
369,15641
369,2876
369,2965
369,48460
369,46279
369,33327
369,6460
369,26128
370,6460
370,46279
370,2876
371,33327
371,15641
372,24034
372,50100
373,36939
373,13828
374,13828
374,47563
374,50100
374,50416
374,36939
374,35041
374,13610
374,22846
374,24034
375,22846
375,13610
375,35041
375,47563
376,22846
376,13610
376,47563
377,24034
377,35041
377,50416
378,656
378,25708
379,7070
379,21500
379,45351
380,6117
380,38791
380,45052
381,54458
381,26297
381,8182
381,54445
381,653
381,49533
381,21278
381,54459
382,54459
382,21278
382,49533
382,653
382,54445
382,54458
383,8740
383,35602
384,11782
384,18872
385,11782
385,18872
385,9982
386,39161
386,9982
387,42436
387,52169
388,11921
388,42180
389,42506
389,30760
390,1523
390,42506
390,38417
391,1523
391,42506
391,38417
391,30760
391,5285
391,39560
392,25710
392,39165
393,5495
393,27671
393,18279
393,22273
393,21028
393,49804
393,19652
393,44399
393,25364
394,25364
394,44399
394,19652
394,21028
394,22273
394,18279
394,27671
394,5495
395,23003
395,14809
395,18772
395,50187
396,50187
396,23003
397,37805
397,16404
397,44247
397,54644
397,6744
398,19847
398,3427
399,19847
399,54644
399,6744
400,804
400,14841
401,46418
401,9531
401,48274
402,37380
402,41475
402,40736
402,48274
402,9531
402,46418
402,14841
402,804
403,9531
403,48274
403,40736
404,22762
404,35808
405,18382
405,47482
405,18395
405,49078
406,5858
406,49394
406,42436
406,37707
406,9982
406,54383
406,6927
407,42436
407,49394
408,46186
408,2183
408,16052
408,50856
408,24373
409,8060
409,3674
409,22437
409,20380
410,8060
410,3674
410,22437
410,20380
411,31108
411,42080
412,9722
412,42080
412,41904
413,44411
413,31108
414,54582
414,44836
415,9722
415,41904
416,31758
416,45495
416,18962
416,26518
417,25865
417,25485
418,12151
418,25865
418,25485
418,11785
419,8180
419,31862
419,33299
419,17131
419,642
419,16270
420,16270
420,642
420,33299
420,31862
420,8180
421,17131
421,31862
421,8180
422,40749
422,21774
422,47144
422,4091
422,2434
423,2434
423,4091
423,47144
424,2009
424,5120
425,44585
425,33431
425,2302
426,35644
426,11095
426,51450
427,54367
427,28483
428,11095
428,51450
429,40507
429,54543
429,40860
429,49898
429,35768
429,54544
430,54544
430,35768
430,40860
430,54543
431,38484
431,31192
431,54525
431,31626
431,2208
432,9020
432,7730
432,44804
433,44804
433,7730
434,10287
434,26086
434,40937
434,15152
434,49156
434,38502
434,565
434,51453
435,51453
435,565
435,15152
435,40937
436,46934
436,44820
436,21725
436,28532
436,5896
436,31361
437,8365
437,22556
437,46740
437,20534
437,49649
437,42899
437,28436
437,5761
438,49649
438,8365
439,5761
439,28436
439,42899
439,20534
440,46885
440,54575
441,34873
441,27902
441,30221
441,54575
441,46885
441,42019
441,37813
442,27194
442,17513
442,44804
442,35896
443,17513
443,27194
444,642
444,23655
444,8180
445,7439
445,14737
446,10204
446,50205
447,7696
447,26796
447,25560
447,20817
448,45047
448,34943
448,28483
448,42375
448,48740
448,18709
448,8391
449,20777
449,40506
450,9131
450,20777
450,11027
450,13583
450,47955
451,34907
451,2638
451,47975
451,30206
451,7969
452,32093
452,20426
452,40686
452,14215
453,14215
453,20426
454,40686
454,32093
455,15773
455,14355
456,38359
456,21790
456,37676
456,35588
457,46444
457,13856
458,28116
458,15920
459,20538
459,34466
460,41701
460,46619
460,21260
461,38262
461,25742
461,42353
461,21260
462,21260
462,42353
462,25742
462,46619
462,38262
462,11618
462,41701
463,38262
463,25742
463,42353
464,54324
464,17201
465,53239
465,27706
465,2731
465,14135
465,35182
465,17552
466,1195
466,28500
466,17552
467,11323
467,50910
467,31963
467,18722
467,4404
467,48832
468,48832
468,18722
468,50910
468,11323
469,48832
469,18722
470,4404
470,11323
471,31963
471,50910
472,37367
472,23154
473,8186
473,7806
474,38016
474,53799
474,11695
474,39149
474,29770
475,42056
475,22019
475,7573
475,5118
475,8895
476,16403
476,16283
477,16403
477,14701
477,16283
478,30539
478,38166
479,53052
479,44180
479,8186
479,4536
479,5206
479,17718
479,8796
479,14356
480,17433
480,4851
481,8952
481,42244
482,28267
482,2427
482,40660
482,6597
483,28267
483,39215
483,33451
483,2427
483,40660
483,6597
484,54446
484,54445
485,27566
485,37495
485,7562
485,41353
485,54448
486,45358
486,9266
486,28817
487,3192
487,40879
488,40879
488,3192
488,7890
489,35263
489,17513
490,7287
490,43787
490,28824
491,35380
491,52947
492,28824
492,35380
492,52947
493,29026
493,13775
494,9554
494,53519
495,35756
495,54651
495,41088
496,39427
496,41088
497,29026
497,13775
497,54652
497,9554
497,53519
497,4404
497,39427
498,37953
498,26145
499,44626
499,23404
499,31769
499,10397
499,38791
499,37914
499,38277
500,38277
500,37914
500,38791
500,10397
500,28664
500,31769
500,23404
500,44626
501,34008
501,54515
501,54516
501,54517
502,20318
502,52948
502,2802
502,45059
502,54482
502,6017
502,21356
502,39685
502,11420
503,32606
503,52918
503,47971
503,30493
503,52001
503,54485
504,36229
504,15176
505,43817
505,20965
506,36229
506,41880
507,11520
507,39679
507,14754
507,12578
507,50806
507,45477
508,45477
508,12578
508,14754
508,39679
509,48460
509,1969
510,2160
510,48460
510,1969
511,26814
511,54326
511,23845
512,26870
512,46418
512,37692
512,39379
513,41934
513,46882
513,18722
514,23262
514,26788
514,24905
514,27663
514,3841
515,3841
515,4400
515,27663
515,42974
515,24905
515,26788
515,53176
515,23262
516,54368
516,54369
516,54370
516,54371
516,54372
516,54373
516,54374
517,54408
517,1247
518,34877
518,2843
519,54408
519,1247
519,2843
520,34877
520,43909
521,54697
521,54696
522,54695
522,5412
523,54454
523,54452
523,54451
523,54450
524,54449
524,48813
524,20079
524,54450
524,54451
524,54452
524,54453
524,54454
525,24499
525,50787
526,26810
526,18192
527,11951
527,50822
528,50822
528,31383
528,11951
529,14402
529,19649
529,29040
529,8491
529,22882
530,10622
530,4438
531,34454
531,30760
531,4438
531,10622
531,6697
532,30760
532,34454
533,30013
533,3685
534,6839
534,54480
534,21381
534,53823
534,27899
534,25233
534,11228
534,54481
534,11943
535,11228
535,27899
535,21381
536,33566
536,6960
536,16284
537,27337
537,15190
537,29669
538,31783
538,7896
538,15190
538,29669
539,2434
539,29774
539,16780
539,39088
539,37246
540,2434
540,29774
540,16780
540,39088
540,37246
541,53167
541,13558
541,1286
541,12890
542,44822
542,1286
542,12890
543,44822
543,12890
544,6790
544,45674
545,45674
545,6790
545,49794
546,13946
546,53524
547,36349
547,1075
547,39379
547,46050
548,38819
548,54733
548,13482
549,29401
549,54595
549,10946
549,10146
549,35217
549,10199
549,27946
550,27946
550,10146
550,10946
550,29401
551,14311
551,53823
551,13534
552,18468
552,16413
553,16413
553,6697
553,18468
554,24783
554,4820
554,6145
554,38313
555,18444
555,18114
555,41984
556,18114
556,18444
557,37383
557,23490
558,9375
558,54718
559,1480
559,31989
560,10632
560,1480
560,31989
561,10632
561,30906
561,52643
562,10632
562,30906
563,52643
563,40024
563,30906
563,31989
563,1480
563,10632
564,50942
564,47023
564,53634
565,25711
565,17757
565,8112
565,29361
566,8112
566,17757
566,25711
567,16878
567,11067
567,10079
567,39001
568,800
568,14492
569,53106
569,20008
570,17602
570,28336
570,37442
571,17602
571,37442
572,54090
572,7522
573,24115
573,44430
574,19949
574,54274
574,24681
575,52541
575,19457
576,7508
576,13320
576,5484
577,47718
577,52541
577,19457
578,25276
578,41069
578,46312
578,44091
579,13838
579,20456
579,2402
579,19316
579,22475
580,22475
580,19316
580,20456
580,13838
581,54724
581,54722
581,54721
581,54720
581,54719
582,17051
582,14569
583,54403
583,54402
584,19012
584,18967
584,22701
584,41585
584,19021
585,573
585,21986
585,4209
585,16127
585,979
586,32538
586,33866
586,23906
587,296
587,43314
587,33910
587,10855
588,10855
588,33910
588,296
589,23851
589,23154
590,8517
590,17245
591,13117
591,42706
591,54568
592,13117
592,42706
592,54568
592,4427
592,3542
592,54567
593,19794
593,12490
594,18291
594,12490
594,31010
594,19794
594,24565
595,36865
595,11921
595,42180
595,46418
596,42180
596,40568
597,20021
597,44804
597,12599
598,12599
598,20021
599,40771
599,50220
599,30906
599,42675
599,6483
599,2906
599,18114
600,18114
600,2906
600,30906
601,28022
601,47484
602,16708
602,47484
602,28022
602,1152
602,22722
603,17309
603,11671
603,2560
604,2560
604,17309
605,38368
605,33809
605,42436
606,26518
606,47718
607,42436
607,7110
607,47718
607,31528
607,2954
607,33809
607,26518
607,38368
608,26278
608,41388
609,53956
609,33380
610,49155
610,25073
610,3827
611,53956
611,49155
611,33380
612,25073
612,3827
613,45782
613,320
613,1414
614,38112
614,52739
615,50704
615,26973
616,375
616,20537
617,375
617,34244
617,20537
618,41287
618,44256
618,3917
619,42540
619,19330
620,13633
620,37293
621,50806
621,47238
622,36990
622,53774
623,41840
623,4727
624,15977
624,42595
624,32568
625,4727
625,30453
625,32568
625,42595
625,53774
625,36990
625,41840
625,15977
626,54666
626,10537
627,14929
627,16652
627,23846
627,10537
627,36043
628,41915
628,2190
629,39409
629,10418
629,7033
630,37879
630,39409
630,10418
630,7033
631,37879
631,41915
631,39409
631,10418
631,7033
632,37879
632,21092
632,37183
633,54580
633,38188
633,53258
633,51146
633,54581
633,44290
633,7161
634,26281
634,50348
634,42436
634,24546
635,33750
635,52841
635,3699
636,12706
636,38835
637,30011
637,33750
637,12706
637,17705
638,26171
638,13924
638,54461
639,54593
639,24618
639,4839
639,54592
639,8288
640,8288
640,54591
640,54592
640,27021
640,4839
640,24618
640,54593
641,2534
641,47312
641,38150
641,13380
642,38150
642,47312
642,2534
643,20127
643,9493
643,33712
643,49510
644,17368
644,6954
645,6954
645,49510
645,33712
645,17368
645,9493
645,20127
645,54571
646,53978
646,19827
646,26929
647,22653
647,7110
648,28805
648,17455
649,10669
649,6730
650,25236
650,10037
650,5644
651,15371
651,3427
652,32900
652,40076
652,37640
653,29462
653,10750
653,35455
654,23284
654,45091
655,9770
655,18421
656,41370
656,35667
657,21977
657,5570
658,41370
658,21977
658,35667
658,36258
658,5570
658,29038
659,29066
659,54029
659,12308
660,29522
660,1931
661,37441
661,54393
661,54394
661,54395
661,1931
661,9415
661,29522
662,54394
662,37441
663,54489
663,38256
663,54488
664,3532
664,34796
665,41915
665,40745
665,50230
666,26088
666,45368
666,54501
667,29028
667,38366
667,5206
668,5206
668,38366
669,41935
669,4945
670,21576
670,54349
670,54350
670,54351
670,54352
671,26810
671,48570
672,6414
672,15859
672,43248
672,17007
673,12151
673,13985
674,54588
674,46349
674,35329
675,36618
675,27615
676,35329
676,27615
676,13985
676,36618
676,46349
676,54588
676,12151
677,54588
677,27615
678,21367
678,25971
678,44564
679,25971
679,21367
680,16870
680,54505
680,53902
680,54506
681,30221
681,46162
681,51134
681,15864
681,45827
681,19506
682,45827
682,15864
682,51134
682,46162
682,30221
683,83
683,448
684,36517
684,11017
684,40386
684,13592
684,20127
685,11017
685,13592
686,18650
686,83
687,36517
687,11017
687,40386
687,13592
688,30110
688,51889
688,54344
689,54344
689,13430
689,51889
689,30110
689,1397
690,23738
690,34318
691,46256
691,34318
691,23738
692,13026
692,20001
692,26059
692,39576
693,39576
693,32668
693,26059
693,11880
693,20001
693,13026
694,20001
694,26059
695,20001
695,26059
695,39576
696,7459
696,31577
697,54561
697,20926
697,7601
697,18979
697,32602
697,25838
698,12222
698,5210
698,54680
699,34746
699,25485
700,53975
700,40386
700,14377
701,54490
701,28485
702,40288
702,34754
702,48898
702,28485
703,7032
703,14377
704,4628
704,29428
705,48786
705,12455
705,275
705,7492
705,37799
706,275
706,7492
707,43731
707,24990
707,54699
707,1556
708,54700
708,49056
709,21853
709,44734
709,14105
709,11963
710,6017
710,2831
710,49234
710,34688
710,29127
710,47740
711,34688
711,49234
712,15996
712,49859
712,18313
713,28353
713,26872
714,51451
714,33045
714,12499
714,13738
715,51451
715,33045
715,13738
716,38196
716,27171
716,40092
716,54603
716,37947
716,33693
716,15104
716,27008
717,14639
717,46396
717,2360
717,39782
717,1757
718,20753
718,10020
719,20753
719,39782
720,1757
720,39782
720,2360
720,10020
720,20753
720,17743
720,46396
720,14639
720,28435
721,34073
721,32957
721,39970
721,53535
721,19933
722,54471
722,44556
722,50126
723,54470
723,44705
723,48636
724,54471
724,54470
724,21551
725,44556
725,50126
726,52824
726,12384
727,31528
727,38221
728,31528
728,41840
728,14373
728,38221
729,31528
729,14373
729,38221
730,44652
730,14251
730,20809
730,38689
730,19395
731,44652
731,14251
731,20809
731,19395
732,9166
732,11872
732,35763
732,4180
733,54440
733,29905
733,9166
733,45968
733,11872
733,35763
733,4180
734,45968
734,11872
734,35763
734,4180
735,9166
735,35763
736,25019
736,38886
736,32310
737,32310
737,25019
738,47125
738,54466
738,26564
738,16822
738,54467
738,54468
738,51093
738,20883
739,18250
739,21540
740,35465
740,27596
740,34338
740,22661
741,6828
741,46362
741,14627
741,45527
742,5372
742,39386
742,47400
743,48114
743,27296
743,9926
743,38090
743,21366
743,12325
743,44306
744,21264
744,50183
744,9020
744,43722
745,21264
745,50183
746,3285
746,34806
747,44156
747,29699
747,22264
748,45758
748,29699
749,2054
749,24283
749,19903
749,3645
749,44627
750,2054
750,25129
750,24283
750,19903
750,3645
750,44627
751,34586
751,9926
751,47097
752,47097
752,34586
753,54533
753,9655
753,33467
753,46474
753,7186
754,28154
754,53047
754,18486
754,38819
755,38819
755,18486
755,53047
756,23232
756,38033
756,15316
756,2862
756,28833
757,2862
757,15316
758,46418
758,40344
758,24495
758,13051
758,33661
758,48673
758,45311
759,16429
759,47728
759,40568
759,54583
759,5020
759,31577
759,6877
760,54511
760,54512
760,35622
760,35305
761,20970
761,19791
762,19791
762,23214
762,5285
762,20970
763,33248
763,52228
763,28145
763,30704
764,33248
764,28145
765,53745
765,16296
766,11424
766,42750
767,29250
767,34526
767,49339
767,13019
767,11680
767,23110
768,13019
768,14181
769,49339
769,23110
770,29250
770,34526
771,11549
771,38853
771,17014
771,42200
772,38979
772,44437
773,19903
773,41475
773,26234
773,20127
773,25786
773,45702
774,15400
774,23134
774,34707
774,6906
774,2545
774,61
775,2545
775,6906
775,34707
775,15400
776,61
776,23134
777,33697
777,48427
777,44589
778,33697
778,48427
779,27174
779,44589
780,12782
780,34032
781,31333
781,37269
781,54473
781,54474
781,39579
781,18300
781,19349
781,54475
782,46418
782,18352
782,9397
782,31596
782,47944
782,36865
783,54765
783,32866
784,49480
784,24216
785,6424
785,27411
785,42163
786,6424
786,47886
786,27411
786,42163
787,17368
787,13380
788,35794
788,54630
788,54629
789,6623
789,29896
790,42679
790,29508
791,15468
791,20127
791,51374
791,4685
791,38886
791,12180
792,20127
792,51374
792,12180
793,11994
793,32254
793,6875
793,40731
793,42213
794,42213
794,40731
794,6875
794,32254
794,38075
794,11994
794,14891
795,42053
795,27671
795,27734
796,15889
796,4780
797,12490
797,23998
798,41676
798,7282
799,41676
799,12490
799,7282
799,23998
800,30044
800,43103
800,46418
800,54729
801,52726
801,40434
802,51947
802,38170
802,4860
802,48392
802,38221
802,32745
802,11105
803,38221
803,51947
804,11105
804,48392
804,4860
804,38170
805,15231
805,36190
805,47971
805,19868
805,24271
805,8352
806,7042
806,26278
806,20961
806,38180
806,10541
806,44725
806,40831
806,50614
806,26818
807,26818
807,50614
807,40831
807,44725
807,10541
807,38180
807,20961
807,26278
807,7042
808,49436
808,12694
809,32737
809,51355
810,54419
810,54418
811,12941
811,6909
812,45805
812,18014
813,9416
813,24460
813,34517
814,9416
814,34517
815,35785
815,18646
815,37433
815,40177
815,53314
815,15266
815,310
815,6697
816,35785
816,18646
816,37433
816,40177
816,53314
816,15266
816,310
816,6697
817,47889
817,54674
818,3421
818,15540
818,15466
818,6079
818,27963
819,5076
819,42805
819,27963
819,6079
819,15466
819,17187
819,15540
819,22674
819,3421
820,21827
820,8020
821,21437
821,17870
821,8020
822,28022
822,42331
822,51987
822,54416
822,36456
822,19950
822,38134
823,20066
823,53530
824,6266
824,2763
824,20066
824,53530
825,29346
825,4516
825,32940
826,6827
826,43419
826,32443
826,4287
827,37393
827,54604
827,31134
828,37006
828,8958
829,31134
829,48734
829,54604
829,37393
829,8958
829,33525
829,7379
829,37006
830,33525
830,37393
830,54604
830,31134
831,37006
831,54604
832,38624
832,1457
832,1931
832,34155
832,51451
832,3270
832,29522
833,29522
833,3270
833,51451
833,34155
833,1931
834,29522
834,51451
835,28216
835,15977
835,11248
835,25510
835,3126
836,25510
836,11248
836,15977
836,28216
837,35223
837,49209
837,6212
838,35223
838,49209
839,16634
839,35927
839,11569
840,24887
840,39776
841,34705
841,21151
842,21151
842,39776
842,34705
842,10719
842,5050
842,14510
842,6057
842,1634
842,24887
843,6057
843,5050
844,28519
844,24311
844,13704
845,17924
845,21138
846,34151
846,4808
847,38477
847,40060
848,28216
848,26330
848,2982
848,37170
848,29023
848,41915
848,40568
848,54257
849,29023
849,26330
850,35667
850,45220
851,40109
851,54346
851,54347
851,45472
851,16127
852,54347
852,54346
853,5223
853,42436
853,20817
853,9033
853,44080
854,9033
854,42436
855,9188
855,10922
855,54780
855,48194
855,4057
856,23592
856,29983
856,31342
856,39810
857,25573
857,54598
857,26160
857,54599
857,15141
857,44757
857,23924
858,28855
858,25865
859,28855
859,49205
859,20777
860,7068
860,21265
860,25640
860,49267
861,7068
861,21265
861,19207
861,12180
862,7068
862,21265
862,25640
862,49267
862,12180
863,19722
863,20817
864,19330
864,42540
865,16946
865,49737
865,38118
865,22688
866,13650
866,12960
867,53940
867,44549
867,6667
868,27592
868,26029
868,28803
868,18291
869,28803
869,26029
870,16218
870,35616
870,42520
870,26834
870,3427
871,24177
871,25020
872,15392
872,32953
873,6825
873,34725
873,17977
873,24295
873,30906
874,10168
874,48319
875,54536
875,48319
876,54537
876,11372
876,37055
876,54536
877,54537
877,54536
878,4102
878,54330
878,25240
878,48916
879,31192
879,25451
879,18862
879,50052
879,42688
879,31403
879,40788
879,28470
880,47411
880,7518
880,54433
881,47411
881,7518
882,54498
882,24331
883,38295
883,54206
883,17177
883,53501
883,15696
884,29481
884,43814
885,43019
885,54514
886,33355
886,31897
886,31587
886,3699
887,44576
887,2545
887,3843
888,38713
888,35454
888,2545
888,9079
888,3843
888,4149
889,38713
889,9079
889,10402
890,15912
890,47983
890,46700
890,42546
890,30757
890,1931
890,49284
891,20309
891,5487
891,24786
892,5487
892,20309
893,38257
893,54727
894,31205
894,4009
894,24205
894,51947
894,43003
895,10806
895,52902
896,18846
896,7096
896,52928
896,50436
897,13425
897,14489
898,18846
898,7096
898,52928
898,13425
898,14489
898,50436
899,50436
899,14489
899,13425
899,11921
899,52928
899,7096
899,18846
900,7860
900,35606
901,35606
901,54325
901,7860
902,17123
902,8041
903,30647
903,31648
903,21114
903,8041
904,30647
904,31648
904,21114
905,41312
905,48734
905,33784
905,23335
906,16359
906,14774
906,18000
907,19839
907,54530
907,19037
907,54531
907,26451
908,1578
908,12545
908,27162
909,23654
909,43517
909,22050
910,1578
910,12545
910,27162
910,23654
911,43517
911,22050
912,15529
912,38886
912,20127
912,35909
912,42480
913,1560
913,18995
914,42487
914,32840
915,49395
915,16910
916,18995
916,16910
916,32840
916,49395
916,54617
916,54618
916,42487
916,1560
917,15360
917,36521
918,12601
918,15360
918,36521
919,7003
919,664
920,3501
920,13430
921,41838
921,44959
922,51071
922,50130
922,2961
922,49804
923,2961
923,50130
923,51071
924,17368
924,18753
925,36744
925,50910
925,51947
925,44077
926,18753
926,54608
927,54608
927,18753
927,44077
927,17368
927,51947
927,25751
927,50910
927,36744
928,27936
928,53205
928,30418
929,30260
929,6424
929,26426
929,35802
929,54535
929,51480
930,54535
930,35802
931,36470
931,54585
931,45300
931,44094
931,31865
931,54129
931,27387
932,54129
932,31865
932,44094
932,54585
933,9926
933,54456
933,8091
933,19332
933,46702
933,5370
934,5370
934,46702
934,19332
934,18794
934,8091
934,49545
934,54456
934,9926
935,44520
935,32484
935,18185
936,29556
936,28835
936,45463
936,18407
937,45463
937,18407
938,44520
938,32484
939,29556
939,28835
939,18185
940,47926
940,39879
941,36853
941,48013
942,7629
942,12599
943,7629
943,39879
944,32169
944,35909
945,11021
945,52804
946,49918
946,38666
946,20646
947,45922
947,27628
947,35347
947,22850
947,7954
947,47718
947,47080
947,42932
948,42932
948,47080
948,47718
949,22850
949,27628
950,35347
950,45922
951,7954
951,22850
952,51552
952,15594
952,38152
952,51213
952,53812
952,23178
952,38706
952,53823
953,23178
953,53812
954,25629
954,42041
955,47698
955,989
956,47698
956,989
957,21219
957,28485
958,54751
958,13281
958,54749
958,54259
958,54748
959,18649
959,36262
959,12180
959,5942
959,19868
959,54558
960,19868
960,12180
960,36262
961,48895
961,52591
961,18068
962,48895
962,54206
963,23625
963,14284
963,16739
964,11500
964,24240
965,2154
965,19832
966,2154
966,34802
966,21544
966,30646
967,23776
967,25019
967,9569
967,4780
967,40048
967,51506
967,48921
967,12409
968,40048
968,4780
968,9569
969,37146
969,43917
970,5604
970,30206
970,10956
970,33809
971,29836
971,7374
971,18291
972,44226
972,5604
973,47243
973,29836
973,7374
973,18291
974,30206
974,10956
974,33809
975,9145
975,7110
975,28575
975,22653
975,52498
975,45007
975,13997
976,4958
976,34305
977,28511
977,52008
978,26532
978,49820
979,28912
979,16861
979,35896
979,43510
979,49831
980,28912
980,35896
980,43510
980,49831
981,1879
981,34254
982,29874
982,26319
983,43972
983,12180
983,13633
983,44093
983,20611
984,42986
984,44093
984,20611
985,37438
985,40977
985,21022
985,2413
985,29816
986,29816
986,37438
987,2413
987,21022
987,40977
988,9435
988,5850
989,9435
989,49486
989,6093
990,37833
990,8272
990,6093
991,50951
991,5026
991,23483
991,39935
991,2451
991,54606
992,50951
992,54606
993,5026
993,39935
993,2451
994,46010
994,24640
994,45528
995,38876
995,46792
996,52591
996,49708
996,50531
997,52591
997,2560
997,49708
998,49780
998,46084
999,17687
999,49780
1000,7337
1000,46084
1001,13430
1001,20921
1001,36534
1001,53556
1001,129
1001,30021
1001,26043
1001,41982
1002,40568
1002,23571
1002,20445
1002,15004
1002,22960
1002,47888
1003,47888
1003,22960
1003,15004
1003,20445
1003,23571
1004,38368
1004,42436
1005,10020
1005,46411
1006,49348
1006,52996
1006,29676
1006,15811
1006,52061
1007,35118
1007,15811
1008,15811
1008,52061
1009,49666
1009,50886
1009,53117
1009,22962
1009,19567
1009,22366
1010,7767
1010,49071
1010,12782
1010,26260
1010,21092
1010,25924
1010,3254
1011,26260
1011,12782
1011,49071
1012,10961
1012,19652
1013,28336
1013,19652
1013,7032
1013,10961
1013,13676
1014,29063
1014,11176
1014,47486
1015,72
1015,34725
1015,48157
1016,47486
1016,17368
1016,11176
1016,40374
1016,48157
1016,34725
1016,72
1016,29063
1017,16413
1017,7683
1017,39379
1018,52251
1018,44804
1019,23683
1019,54539
1020,54540
1020,54538
1021,50200
1021,52124
1021,13425
1021,8213
1022,28762
1022,24897
1023,54529
1023,41089
1024,3152
1024,33922
1024,6477
1025,23904
1025,6265
1025,4711
1025,23441
1025,53991
1025,32936
1025,35027
1025,48269
1026,32936
1026,53991
1026,6265
1027,53655
1027,26305
1027,17839
1027,1887
1027,864
1028,16234
1028,12935
1029,38691
1029,14754
1029,33131
1030,39970
1030,3148
1030,37293
1031,20243
1031,53048
1031,48962
1031,57
1032,54678
1032,54677
1032,54676
1033,41838
1033,13002
1033,51153
1033,48843
1033,44959
1033,22456
1033,695
1033,14275
1033,17902
1034,26879
1034,54356
1034,28177
1034,54355
1034,10674
1035,54356
1035,54355
1035,10674
1036,26879
1036,28177
1037,52124
1037,50910
1038,7386
1038,51904
1038,25514
1038,38791
1039,25729
1039,11372
1039,38791
1039,25514
1039,51904
1039,33339
1039,24066
1039,690
1039,39775
1039,7386
1040,12890
1040,30679
1040,47021
1040,12180
1040,7251
1041,7251
1041,12180
1041,38791
1041,47021
1041,9718
1041,30679
1041,3917
1041,12890
1041,17445
1042,22548
1042,3965
1043,23063
1043,52554
1044,22548
1044,52554
1045,10669
1045,23063
1046,35988
1046,47651
1046,54570
1046,21615
1046,28154
1046,5674
1046,17705
1047,54570
1047,35988
1048,21955
1048,52515
1048,12151
1049,21955
1049,52515
1049,52617
1049,41915
1049,3400
1049,12151
1050,41915
1050,12151
1051,1127
1051,16091
1051,31685
1051,19861
1052,3674
1052,2850
1053,41740
1053,19861
1054,1127
1054,31685
1055,19861
1055,31685
1055,41740
1055,2850
1055,16091
1055,37930
1055,1127
1055,3674
1056,38804
1056,1000
1057,28920
1057,22564
1057,47253
1057,18709
1058,11067
1058,52668
1058,49610
1059,20728
1059,15943
1060,40433
1060,51186
1061,47812
1061,34607
1061,30553
1061,7337
1062,26476
1062,51451
1063,54641
1063,19361
1063,20569
1063,44675
1063,41400
1063,38757
1063,3498
1063,39710
1063,37903
1064,13519
1064,30975
1065,17403
1065,1799
1066,6158
1066,54605
1066,14863
1066,54003
1066,1799
1066,21644
1066,15889
1066,17403
1067,21644
1067,54605
1067,6158
1068,51599
1068,42632
1068,23814
1068,44997
1068,15109
1069,31862
1069,6697
1070,50987
1070,3836
1070,53582
1071,16754
1071,8413
1071,30889
1071,6697
1071,38368
1071,31862
1071,53582
1071,3836
1071,50987
1071,28541
1072,39396
1072,8995
1073,54437
1073,18955
1073,12582
1074,54437
1074,54436
1074,31252
1075,18955
1075,12582
1076,54549
1076,24247
1077,54550
1077,40986
1077,54549
1077,24247
1078,3241
1078,44411
1078,12164
1078,7120
1078,37649
1079,16310
1079,50561
1080,37649
1080,50561
1080,7120
1080,16310
1080,8402
1080,12164
1080,44411
1080,3241
1081,9046
1081,47741
1081,28770
1081,19063
1082,28770
1082,47741
1082,9046
1083,28770
1083,47741
1084,19063
1084,9046
1085,54740
1085,39520
1085,35493
1086,28216
1086,637
1086,54739
1086,32965
1086,41239
1087,2843
1087,23309
1088,14627
1088,40879
1089,40879
1089,14627
1089,23088
1090,36517
1090,2336
1091,50029
1091,22840
1091,46302
1092,35376
1092,50029
1092,22840
1092,43403
1092,46302
1093,46302
1093,43403
1093,10025
1093,42675
1093,2336
1093,22840
1093,36517
1093,50029
1093,35376
1094,36517
1094,10025
1095,51871
1095,50125
1096,46396
1096,31640
1096,39465
1096,49067
1097,43654
1097,12516
1097,46582
1097,18684
1097,11714
1098,7921
1098,46582
1098,18684
1099,12516
1099,11714
1100,43654
1100,16315
1101,44934
1101,24308
1102,18896
1102,26916
1103,54337
1103,54336
1104,54335
1104,54336
1104,50549
1104,54337
1105,40078
1105,37432
1105,23601
1105,9164
1105,3027
1105,53227
1105,47640
1105,76
1106,76
1106,47640
1106,53227
1107,3027
1107,9164
1107,23601
1107,37432
1107,40078
1108,36347
1108,34385
1109,43544
1109,51197
1109,42033
1109,39528
1109,34493
1110,17014
1110,2336
1111,34786
1111,1684
1112,54594
1112,30906
1112,11886
1112,29166
1113,6441
1113,5430
1114,54594
1114,30906
1114,5430
1114,11886
1115,54253
1115,16169
1115,44353
1115,4861
1116,54253
1116,44353
1117,8461
1117,10628
1117,19886
1117,24640
1118,51552
1118,15668
1118,26735
1118,12180
1119,15668
1119,26735
1120,51552
1120,15668
1120,12180
1121,51552
1121,12180
1122,44549
1122,47569
1123,54712
1123,54711
1124,1570
1124,52499
1124,45410
1124,26234
1125,26234
1125,45410
1125,52499
1125,22974
1125,16201
1125,50910
1125,1570
1126,7632
1126,50756
1127,26114
1127,52515
1127,41215
1127,50756
1127,22007
1127,7632
1128,18813
1128,52428
1129,10650
1129,4172
1129,37874
1129,46204
1129,52428
1129,18813
1130,18813
1130,52428
1130,46204
1130,37874
1130,10650
1131,5266
1131,26247
1131,17342
1131,9611
1131,7352
1131,16853
1131,21346
1132,7352
1132,9611
1133,34343
1133,43834
1133,2220
1134,48732
1134,54414
1134,7117
1134,47702
1134,54415
1134,48823
1134,26278
1135,25907
1135,11808
1135,38295
1135,9493
1135,54523
1136,36094
1136,23653
1136,22205
1136,48400
1136,23377
1136,27837
1137,23653
1137,36094
1138,40930
1138,6752
1139,50101
1139,31388
1140,9020
1140,28829
1141,36814
1141,20223
1142,9081
1142,35304
1142,52030
1143,40332
1143,25662
1143,31237
1143,54600
1144,54600
1144,31237
1144,25662
1144,40332
1144,10084
1144,54601
1144,37331
1145,41546
1145,39818
1146,33881
1146,41546
1146,39818
1147,43408
1147,31410
1147,25950
1147,8707
1147,54343
1148,14726
1148,29063
1148,6877
1149,18891
1149,25797
1150,14726
1150,29063
1150,6877
1151,38451
1151,54776
1151,15424
1151,54775
1151,54774
1151,42224
1151,54773
1151,42968
1151,24100
1152,9066
1152,28451
1152,6604
1152,30450
1152,39020
1152,44532
1152,36353
1152,49130
1152,1447
1153,26765
1153,35747
1153,10690
1153,8867
1153,54607
1153,41556
1153,40479
1153,31051
1154,31051
1154,40479
1155,11267
1155,47619
1156,49284
1156,47244
1156,16103
1157,16103
1157,49284
1158,26840
1158,6866
1159,54332
1159,6866
1159,44100
1159,26840
1160,49752
1160,8686
1160,38621
1160,51252
1161,38621
1161,8686
1161,49752
1162,36609
1162,26539
1162,15262
1162,27085
1163,27085
1163,15262
1163,30760
1163,26539
1163,46014
1163,36609
1164,25973
1164,577
1164,54669
1164,7597
1165,35385
1165,26414
1165,48836
1165,43445
1166,8867
1166,10186
1166,45631
1167,38443
1167,41035
1167,52389
1167,52552
1167,47077
1168,11441
1168,52623
1169,45214
1169,4009
1170,45214
1170,16497
1170,54391
1171,12110
1171,46299
1172,1270
1172,35236
1173,11695
1173,35236
1173,22122
1173,1270
1173,54476
1173,51294
1173,46299
1173,12110
1174,54542
1174,38046
1174,52932
1174,34177
1174,432
1174,47884
1175,43298
1175,34714
1175,54463
1175,23240
1175,54464
1175,40890
1175,54465
1175,38819
1176,38819
1176,40890
1176,23240
1176,54463
1176,34714
1176,43298
1177,16680
1177,16946
1178,31464
1178,53360
1179,46635
1179,46693
1180,31521
1180,38579
1181,44256
1181,13376
1181,42540
1181,10046
1182,45823
1182,13850
1182,30841
1182,50614
1183,2434
1183,45007
1184,45007
1184,36347
1185,13423
1185,22833
1185,50736
1185,18712
1186,24341
1186,30155
1186,51624
1186,47041
1187,34724
1187,19479
1187,13430
1187,30906
1187,36188
1187,18398
1187,18787
1187,12965
1187,27605
1187,39776
1188,39776
1188,27605
1188,12965
1188,18787
1188,36188
1188,19479
1189,47054
1189,28323
1189,45217
1190,33712
1190,50086
1190,45217
1191,9986
1191,24095
1191,21983
1191,31127
1192,36970
1192,43137
1193,26204
1193,54329
1194,35564
1194,16323
1195,54545
1195,54546
1195,54547
1195,7509
1195,2753
1195,52592
1196,7509
1196,54547
1196,54546
1197,44726
1197,32037
1197,15142
1198,37914
1198,40509
1199,2392
1199,14590
1199,4518
1199,7701
1199,7
1199,43280
1200,7
1200,43280
1201,2392
1201,7701
1202,43336
1202,40831
1202,50614
1203,47782
1203,13141
1203,27212
1203,12517
1204,14776
1204,675
1204,28673
1204,13132
1204,39549
1204,3340
1204,13516
1204,14072
1205,54562
1205,51186
1205,6202
1205,20127
1205,50980
1205,42503
1206,34803
1206,47841
1207,39020
1207,7910
1208,48734
1208,40298
1208,33346
1208,967
1208,40412
1209,967
1209,33346
1209,40298
1210,52110
1210,19162
1210,42337
1210,38763
1211,9232
1211,35064
1211,47823
1211,17428
1212,5806
1212,7358
1213,54455
1213,49565
1213,17238
1213,7336
1213,38629
1213,7358
1213,5806
1213,20182
1214,12854
1214,18158
1214,12180
1215,46418
1215,6697
1216,14059
1216,31867
1217,24759
1217,51781
1217,40121
1217,41934
1218,24759
1218,40121
1218,14696
1218,4422
1219,34779
1219,4422
1220,42436
1220,36433
1220,42800
1220,33508
1221,8994
1221,22549
1221,18764
1221,3152
1221,33922
1221,22840
1221,13958
1221,26321
1221,48038
1222,48038
1222,22840
1223,4948
1223,22316
1224,29821
1224,52190
1225,4948
1225,29508
1225,4371
1225,22316
1226,29821
1226,52190
1226,1240
1227,26598
1227,20049
1227,11810
1227,16453
1228,14088
1228,23959
1228,29450
1228,44176
1228,44266
1229,44266
1229,16453
1229,11810
1229,20049
1229,44176
1229,29450
1229,26598
1229,23959
1229,14088
1230,39161
1230,23295
1231,39161
1231,23295
1232,5020
1232,53162
1233,54472
1233,40511
1233,18772
1234,54472
1234,52431
1235,3152
1235,22840
1235,22549
1235,8994
1235,6477
1236,49112
1236,15174
1237,14191
1237,10547
1237,16214
1238,3069
1238,10057
1239,54553
1239,54554
1239,21425
1239,17678
1239,54555
1239,54556
1240,2964
1240,27308
1241,15251
1241,40094
1242,34219
1242,27570
1242,26587
1242,50829
1242,18787
1242,35000
1243,54425
1243,39379
1244,34219
1244,50829
1244,18787
1244,35000
1245,26275
1245,4958
1245,18185
1246,32804
1246,18718
1246,36982
1246,5090
1246,30681
1246,52347
1246,18185
1246,4958
1246,26275
1247,28323
1247,40106
1248,39379
1248,7462
1248,25955
1248,6697
1248,22408
1248,38368
1249,30647
1249,20756
1250,25645
1250,12750
1250,12472
1250,29629
1250,2808
1250,29978
1251,22227
1251,20278
1251,27449
1251,32770
1252,13130
1252,31432
1252,12580
1252,18627
1252,20888
1253,4780
1253,54323
1254,19489
1254,41220
1254,50489
1255,21639
1255,6967
1255,36262
1255,32579
1256,36262
1256,32579
1257,27473
1257,44976
1257,6730
1257,13430
1258,13430
1258,6730
1258,44976
1258,27473
1258,22622
1259,18291
1259,34434
1259,23492
1259,37780
1260,34434
1260,23492
1261,47740
1261,34761
1262,13132
1262,3340
1262,39549
1262,37010
1262,675
1263,7683
1263,35351
1263,31899
1263,42260
1264,54794
1264,54792
1264,54791
1264,32939
1265,38791
1265,40344
1266,29468
1266,40344
1266,32435
1266,38791
1266,36051
1266,7239
1266,38392
1266,11483
1267,45858
1267,29819
1267,27824
1267,4766
1268,16241
1268,25741
1268,42928
1268,29346
1268,4205
1268,16170
1269,40852
1269,45316
1270,25741
1270,42928
1270,29346
1270,4205
1270,16170
1271,10118
1271,39980
1271,39098
1271,15636
1272,54626
1272,35583
1272,48218
1272,16803
1272,41794
1272,1632
1272,54627
1272,25222
1272,54628
1273,54628
1273,25222
1273,16803
1274,1632
1274,41794
1274,48218
1275,25222
1275,16803
1276,54628
1276,1632
1276,41794
1276,48218
1277,54496
1277,54497
1278,1583
1278,8214
1278,35917
1278,24731
1278,16593
1278,7961
1278,22
1278,27808
1279,7961
1279,16593
1279,24731
1279,8214
1279,1583
1280,21228
1280,30044
1280,9098
1281,46418
1281,53080
1281,642
1281,9033
1281,48834
1281,40109
1282,46418
1282,53080
1282,642
1282,9033
1282,48834
1282,40109
1283,25896
1283,40680
1284,18967
1284,34061
1284,10723
1284,46188
1285,28572
1285,32843
1285,8157
1285,32428
1286,32428
1286,32843
1287,32428
1287,32843
1287,28572
1288,34128
1288,41935
1289,13602
1289,41935
1289,34227
1289,2560
1289,34128
1290,11105
1290,2692
1290,51688
1290,23492
1290,49944
1291,48525
1291,29664
1292,28870
1292,17801
1292,31824
1293,16497
1293,14155
1293,15468
1294,16497
1294,14155
1294,15909
1294,15468
1295,4945
1295,6458
1296,36277
1296,4945
1296,6458
1297,37459
1297,12067
1298,53860
1298,4027
1299,5154
1299,12067
1300,54090
1300,12058
1301,12058
1301,16853
1301,54090
1302,12059
1302,35742
1302,17164
1302,47975
1302,33809
1302,25629
1302,22247
1302,52169
1303,48102
1303,35177
1303,25244
1304,14764
1304,5828
1304,20063
1304,17306
1304,21462
1304,22426
1304,46891
1305,17306
1305,14764
1306,11214
1306,9095
1307,42204
1307,22001
1307,20906
1307,44871
1307,21451
1307,27748
1308,22436
1308,9347
1308,12659
1308,30473
1308,20947
1308,8174
1308,45250
1309,46987
1309,5889
1310,23283
1310,30639
1311,29091
1311,33130
1312,33130
1312,26290
1312,29091
1312,10023
1312,16560
1313,31113
1313,46693
1314,37899
1314,41795
1315,4400
1315,44621
1315,37899
1315,3270
1315,30483
1315,10669
1315,41795
1315,50910
1316,43126
1316,29478
1316,16777
1316,49238
1316,19221
1316,7042
1316,52394
1317,43126
1317,29478
1317,16777
1317,49238
1317,19221
1317,7042
1317,52394
1318,26692
1318,29983
1318,44691
1319,2339
1319,32104
1320,50602
1320,2302
1320,7295
1321,50602
1321,2302
1321,7295
1321,46652
1322,33875
1322,22220
1322,51559
1323,28241
1323,6933
1324,51559
1324,22220
1324,33875
1324,6933
1324,28336
1324,22356
1324,28241
1325,23226
1325,8138
1325,26109
1325,20371
1325,46117
1325,4745
1325,53873
1326,53873
1326,4745
1326,20371
1326,8138
1326,23226
1327,46117
1327,26109
1328,31122
1328,13352
1329,13628
1329,19720
1330,18352
1330,37414
1331,37414
1331,30234
1331,13544
1331,12635
1331,15423
1331,18352
1332,39826
1332,48002
1332,31864
1332,2928
1332,13380
1333,39826
1333,31864
1333,13380
1334,48002
1334,2928
1334,30236
1335,37247
1335,1781
1336,14424
1336,41203
1337,10628
1337,33022
1337,3061
1337,26305
1337,22578
1338,47765
1338,25790
1338,6423
1338,14846
1339,13453
1339,43499
1339,21113
1339,34517
1340,32420
1340,5975
1340,53047
1340,30800
1340,47318
1340,8682
1341,13453
1341,43499
1341,34517
1342,14796
1342,40096
1342,5071
1343,5071
1343,40096
1343,14796
1343,6837
1344,36016
1344,22054
1344,54502
1345,47290
1345,9471
1345,37223
1346,9471
1346,37223
1347,40681
1347,9471
1347,37223
1348,7873
1348,31623
1348,14041
1349,16050
1349,42533
1349,5410
1349,31214
1349,8193
1350,16050
1350,42533
1350,8193
1351,31214
1351,8193
1352,13792
1352,8081
1353,20941
1353,54518
1353,7122
1354,31784
1354,20174
1355,7122
1355,20174
1355,31784
1355,54518
1355,20941
1356,15131
1356,34219
1356,8523
1357,13527
1357,46307
1357,54460
1357,54244
1358,13527
1358,54244
1359,32913
1359,41810
1359,1077
1359,12575
1359,13380
1359,50448
1360,12575
1360,1077
1360,41810
1361,20649
1361,6804
1361,43749
1362,52784
1362,8665
1363,29998
1363,1399
1363,43749
1364,47983
1364,36970
1364,12236
1364,51451
1364,42546
1365,306
1365,32394
1366,13338
1366,8078
1366,49738
1366,5032
1367,13338
1367,8078
1368,36471
1368,31127
1368,32637
1369,16913
1369,5032
1370,31566
1370,47409
1370,4574
1370,42601
1371,52169
1371,6667
1372,42601
1372,10936
1373,53162
1373,50806
1374,25440
1374,19546
1375,39982
1375,14830
1376,7839
1376,42927
1377,15134
1377,25504
1378,21542
1378,49834
1379,47563
1379,19862
1380,1742
1380,3354
1380,44162
1381,42180
1381,3917
1381,37716
1382,22721
1382,45423
1382,31648
1383,53900
1383,22721
1383,45423
1384,22721
1384,45423
1385,30679
1385,8367
1385,1907
1386,8367
1386,30679
1387,22190
1387,52693
1388,2376
1388,12774
1389,52693
1389,12774
1389,22190
1389,2376
1390,2376
1390,22190
1390,52693
1391,38427
1391,48972
1391,3186
1392,38427
1392,48972
1393,5593
1393,54252
1394,23880
1394,5593
1394,54252
1395,29406
1395,8240
1396,7696
1396,19722
1396,5223
1396,39517
1397,11362
1397,28214
1397,31187
1398,7696
1398,19722
1398,5223
1398,39517
1399,11362
1399,28214
1399,31187
1399,39517
1400,25756
1400,36654
1400,5477
1401,13537
1401,2965
1402,13088
1402,18649
1403,54645
1403,18649
1404,13537
1404,2965
1404,7856
1404,13088
1405,40368
1405,10366
1406,48468
1406,17718
1406,10323
1406,19200
1406,48831
1406,8413
1406,11571
1406,44549
1406,10981
1406,49105
1407,49105
1407,8413
1408,10981
1408,19200
1409,17718
1409,48468
1410,11571
1410,10323
1411,12216
1411,296
1411,13372
1412,16096
1412,9917
1413,23376
1413,9917
1413,16096
1413,1088
1414,19057
1414,53552
1414,19406
1414,8036
1414,23370
1415,31648
1415,23370
1415,8036
1415,19406
1415,53552
1415,19057
1416,54654
1416,11095
1416,15811
1416,14956
1416,31161
1416,304
1416,26657
1416,46077
1416,11972
1416,19070
1417,43248
1417,28409
1417,15104
1418,14212
1418,39585
1418,31109
1419,12308
1419,19265
1420,52823
1420,21262
1420,40008
1420,19265
1420,13606
1420,43403
1420,53209
1420,53978
1420,12308
1421,6184
1421,44804
1422,1814
1422,24870
1422,25955
1422,16419
1423,1814
1423,24870
1423,25955
1423,16419
1424,8673
1424,39088
1424,25177
1424,13633
1424,53162
1424,44800
1424,38075
1424,20241
1425,20241
1425,13633
1425,25177
1425,39088
1425,8673
1426,38075
1426,44800
1426,53162
1427,47827
1427,9974
1427,27520
1428,2964
1428,23998
1428,47827
1428,27520
1429,29381
1429,47718
1429,45495
1430,49106
1430,40048
1430,53280
1431,35263
1431,39379
1431,42180
1431,17119
1431,52169
1431,40344
1431,17513
1431,6697
1432,40344
1432,52169
1432,17119
1432,39379
1432,35263
1433,17363
1433,44743
1433,20759
1433,52863
1434,13789
1434,44743
1434,20759
1434,52863
1435,2015
1435,54508
1435,54507
1436,54508
1436,54507
1436,26101
1437,13593
1437,50224
1437,39977
1437,15642
1437,10396
1437,40837
1437,44652
1437,749
1438,46247
1438,12946
1439,35927
1439,24626
1440,3379
1440,14885
1440,21233
1440,8138
1441,21233
1441,17368
1442,33525
1442,26553
1442,10309
1443,32420
1443,39145
1444,33525
1444,26553
1444,10309
1445,33525
1445,32420
1445,26553
1445,39145
1445,10309
1446,10309
1446,39145
1446,26553
1446,32420
1446,33525
1447,21995
1447,50614
1448,25098
1448,31389
1449,42041
1449,28485
1449,31389
1449,23196
1450,42041
1450,28485
1450,31389
1451,30205
1451,14835
1451,43256
1451,41311
1451,43044
1452,43044
1452,41311
1452,14835
1452,30205
1453,17590
1453,19951
1454,19175
1454,37695
1454,4633
1454,19951
1454,17590
1455,45809
1455,21565
1456,21565
1456,45809
1456,17687
1456,53167
1457,11939
1457,13088
1458,23142
1458,4050
1459,9744
1459,2567
1459,12003
1459,38085
1460,20025
1460,44959
1460,41838
1461,13667
1461,53162
1461,24360
1461,46126
1461,45711
1461,48285
1462,24360
1462,53162
1463,49731
1463,12760
1463,25971
1463,40583
1463,23856
1463,26048
1464,10388
1464,10273
1465,54788
1465,10388
1465,10273
1465,15140
1465,16463
1465,10024
1465,1403
1465,54787
1465,38286
1466,18069
1466,1150
1466,23793
1466,54532
1466,14086
1467,54532
1467,23793
1467,1150
1467,18069
1468,12180
1468,7415
1468,25525
1469,22822
1469,31154
1470,19528
1470,12508
1470,39945
1470,23301
1470,43378
1470,7360
1471,19528
1471,12508
1471,39945
1471,23301
1471,43378
1471,7360
1472,7360
1472,43378
1472,12508
1472,19528
1473,25689
1473,4745
1474,20933
1474,53743
1475,41018
1475,48790
1475,27706
1475,34076
1476,41018
1476,48790
1476,27706
1476,34076
1476,9227
1476,30072
1476,12421
1477,12421
1477,30072
1477,9227
1477,34076
1477,27706
1477,48790
1477,41018
1477,22959
1478,8455
1478,2905
1478,12343
1478,40836
1479,51260
1479,30493
1479,45467
1479,42304
1479,51428
1479,7110
1480,45467
1480,42304
1480,31456
1481,51260
1481,30493
1481,49787
1482,27963
1482,30663
1482,4585
1482,15277
1482,20115
1482,26200
1482,31558
1482,33866
1482,45759
1482,14572
1483,11629
1483,25514
1483,40367
1483,22196
1484,12409
1484,22196
1484,40367
1484,25514
1484,11629
1485,39246
1485,10967
1485,15805
1485,54338
1486,54338
1486,15805
1487,54338
1487,10967
1487,39246
1488,46307
1488,22642
1489,45050
1489,26137
1490,46675
1490,38496
1490,43289
1490,50988
1491,33576
1491,46506
1492,31698
1492,46506
1492,33576
1493,18043
1493,4881
1494,24834
1494,28889
1495,39052
1495,34877
1495,30311
1496,24834
1496,4881
1496,28148
1497,53623
1497,28154
1497,38823
1497,15131
1498,53623
1498,15483
1498,15131
1498,35235
1499,54534
1499,38997
1499,4043
1499,45826
1500,38997
1500,45826
1501,54534
1501,38997
1501,45826
1502,43576
1502,9522
1503,54442
1503,54441
1504,54441
1504,47674
1504,9522
1504,43576
1504,30607
1504,1533
1504,54442
1504,39367
1505,18197
1505,34253
1506,3488
1506,4240
1507,45921
1507,9033
1507,47944
1507,6157
1507,39379
1507,40831
1507,4434
1507,17119
1508,17119
1508,4434
1508,40831
1508,39379
1508,6157
1508,47944
1508,3699
1508,9033
1508,45921
1509,7457
1509,50910
1509,52124
1509,21925
1510,7472
1510,37258
1511,52568
1511,52081
1511,52169
1511,10862
1511,29406
1511,33363
1512,7701
1512,29066
1512,28485
1512,30760
1512,50346
1512,20068
1512,26013
1513,35836
1513,22583
1514,32302
1514,16604
1514,54688
1514,9032
1515,39379
1515,8158
1515,10062
1515,7683
1515,40456
1516,24790
1516,14376
1516,47772
1516,16037
1517,44758
1517,7820
1517,993
1517,48157
1517,43137
1517,44043
1518,44328
1518,20921
1519,7372
1519,51863
1519,34607
1520,19570
1520,45809
1521,41329
1521,7974
1521,28485
1521,20127
1521,44662
1522,54524
1522,17496
1522,12542
1523,36610
1523,12542
1524,49887
1524,28982
1524,28784
1525,9935
1525,43749
1526,40785
1526,7188
1526,5997
1526,44353
1527,31308
1527,54611
1527,44313
1528,35134
1528,1359
1528,4515
1529,31931
1529,4515
1529,1359
1529,44313
1529,54611
1529,1254
1529,35134
1529,31308
1530,1359
1530,4515
1531,43817
1531,43008
1531,25992
1531,35564
1531,10186
1531,31921
1531,8186
1531,46635
1531,15811
1532,8186
1532,10186
1532,35564
1532,25992
1533,8193
1533,32410
1533,25908
1534,8193
1534,32410
1534,26708
1534,25908
1535,54587
1535,6771
1535,19088
1535,7683
1535,45921
1536,47278
1536,45883
1537,46029
1537,2859
1537,25629
1537,50614
1537,26281
1537,47944
1538,45523
1538,2977
1539,2977
1539,25842
1539,47944
1539,26281
1539,45523
1539,50614
1539,25629
1539,2859
1539,46029
1540,42052
1540,11885
1540,20852
1540,2977
1540,52469
1541,20952
1541,7280
1542,15266
1542,17513
1543,25715
1543,35831
1543,40298
1543,21640
1543,50724
1544,5330
1544,23555
1544,51615
1545,3763
1545,19133
1546,41530
1546,21143
1546,6067
1546,34725
1546,2657
1546,22682
1546,4033
1546,10373
1547,10373
1547,4033
1547,22682
1547,2657
1548,34725
1548,6067
1548,21143
1548,41530
1549,10373
1549,22682
1549,6067
1550,21326
1550,49944
1551,20395
1551,21326
1551,49944
1552,49242
1552,19924
1552,32291
1553,32291
1553,19924
1553,33988
1553,5281
1553,49242
1554,25087
1554,2230
1554,31862
1554,38770
1555,9341
1555,38770
1555,31862
1555,2230
1555,10981
1555,25087
1556,25087
1556,38770
1557,20479
1557,33220
1557,10138
1558,30206
1558,42909
1559,45473
1559,38389
1560,8867
1560,16781
1561,37170
1561,46938
1562,2239
1562,32435
1563,31921
1563,43569
1563,7110
1564,37170
1564,31921
1564,38842
1565,54639
1565,54638
1565,54637
1565,54636
1565,54635
1565,54634
1565,54633
1566,8046
1566,29035
1566,16445
1566,40076
1566,14297
1567,18250
1567,39482
1568,5827
1568,5658
1568,30065
1569,30065
1569,5658
1570,54689
1570,12580
1571,9465
1571,31609
1571,26417
1572,37883
1572,9465
1572,31609
1573,46338
1573,53765
1573,47425
1574,37983
1574,54732
1575,16687
1575,45076
1575,47738
1575,47913
1575,43765
1575,10523
1576,30206
1576,20679
1576,17513
1577,41797
1577,13815
1578,9
1578,47827
1578,41872
1578,33937
1579,6265
1579,45826
1580,38593
1580,42113
1581,54493
1581,11939
1582,52190
1582,36914
1583,19951
1583,37609
1583,34869
1584,11939
1584,51283
1585,45527
1585,34244
1585,5998
1586,38221
1586,51947
1587,44634
1587,22760
1588,44634
1588,22760
1588,17106
1589,34658
1589,20359
1590,11921
1590,34658
1590,20359
1591,43779
1591,3124
1592,39837
1592,6922
1593,54687
1593,47580
1594,54686
1594,54685
1595,18650
1595,19694
1596,2538
1596,18185
1596,40785
1597,40785
1597,29063
1597,14830
1597,18185
1597,32804
1597,2538
1597,4140
1597,34305
1598,34305
1598,4140
1598,2538
1598,32804
1598,18185
1598,14830
1598,40785
1599,54577
1599,54576
1600,3973
1600,29182
1601,53901
1601,29182
1601,3973
1601,17252
1602,54655
1602,54656
1602,54657
1602,46109
1602,33664
1602,54658
1602,54659
1602,54660
1602,54661
1602,54662
1603,12008
1603,6720
1603,46498
1603,52075
1603,46978
1603,19985
1603,28272
1603,4368
1603,38957
1604,38957
1604,28272
1604,12008
1605,4368
1605,19985
1605,46978
1606,6839
1606,13430
1607,37011
1607,49284
1608,49284
1608,28715
1608,37011
1608,13229
1608,11878
1608,13430
1608,6839
1608,10171
1609,41889
1609,42492
1609,1240
1610,31123
1610,6644
1611,1240
1611,2959
1611,1178
1611,42492
1611,6644
1611,41889
1611,39155
1611,31123
1612,1946
1612,54106
1612,41141
1612,3699
1612,32698
1612,32226
1613,54106
1613,1946
1614,25955
1614,39379
1614,33809
1614,34604
1615,17447
1615,47640
1616,41753
1616,19175
1616,18186
1616,22450
1617,19175
1617,18186
1618,18186
1618,36534
1619,19175
1619,10516
1619,36534
1620,53529
1620,33619
1621,5568
1621,2760
1622,33436
1622,13752
1622,26973
1623,26692
1623,50131
1624,31609
1624,22739
1624,21553
1624,20807
1624,45955
1625,31609
1625,20807
1626,22739
1626,21553
1627,31609
1627,22739
1627,21553
1627,20807
1628,20186
1628,34568
1629,41661
1629,20186
1629,54348
1629,44938
1630,44938
1630,54348
1630,34568
1630,20186
1630,41661
1631,21798
1631,41269
1632,27391
1632,49574
1632,4091
1633,4091
1633,41269
1633,21798
1633,49574
1633,27391
1634,54412
1634,53686
1634,54411
1635,54412
1635,53686
1636,18968
1636,26092
1636,41594
1637,21481
1637,54584
1637,999
1637,41594
1637,26092
1637,18968
1637,5908
1638,34244
1638,18972
1638,20961
1638,6839
1638,10308
1638,44696
1638,5644
1638,16413
1638,29052
1638,38368
1639,53258
1639,11760
1639,49791
1640,11760
1640,13488
1641,8957
1641,33525
1642,8957
1642,37050
1643,15678
1643,33525
1643,37050
1643,33498
1643,8957
1644,8848
1644,54643
1644,24595
1644,30857
1644,23694
1644,26935
1644,29670
1644,2202
1644,20669
1645,26935
1645,23694
1645,30857
1645,24595
1645,54643
1645,8848
1646,35726
1646,45310
1647,20049
1647,4001
1647,42244
1647,16594
1647,53925
1648,31012
1648,50910
1649,23167
1649,24950
1650,38722
1650,42436
1650,52169
1650,45669
1650,26278
1651,33983
1651,27601
1652,18371
1652,7056
1653,42436
1653,45921
1653,20679
1653,38368
1653,17513
1653,7969
1653,46418
1654,27296
1654,2308
1655,2308
1655,27296
1655,43931
1656,43003
1656,24427
1656,31740
1656,44959
1657,15782
1657,47271
1657,11896
1657,44279
1658,11896
1658,47271
1658,15782
1659,27948
1659,51288
1660,9926
1660,28148
1661,31192
1661,25451
1662,4659
1662,6081
1663,11577
1663,33111
1663,16413
1664,51279
1664,28467
1664,7110
1665,40137
1665,26625
1666,26625
1666,19523
1666,30760
1666,40137
1666,24410
1666,38288
1666,46301
1666,34517
1667,54704
1667,40092
1668,26204
1668,10285
1668,9758
1668,39064
1669,28080
1669,2464
1669,46740
1669,42375
1669,46119
1670,28080
1670,5588
1670,42375
1670,20049
1670,34746
1671,46966
1671,6810
1671,8826
1671,19585
1671,12180
1672,19585
1672,8826
1673,52169
1673,28485
1673,21694
1673,35409
1673,27316
1673,38368
1673,54640
1673,9088
1673,10368
1674,9088
1674,54640
1674,35409
1675,38368
1675,52169
1676,27316
1676,21694
1677,15027
1677,6476
1678,5499
1678,44333
1678,7447
1678,42620
1679,15027
1679,6476
1679,5499
1679,52781
1679,44333
1679,7447
1679,42620
1680,5499
1680,52781
1680,44333
1680,7447
1680,42620
1681,54624
1681,54623
1681,23770
1681,54622
1681,37421
1681,27739
1682,27739
1682,37421
1682,46792
1682,54622
1682,23770
1682,12180
1682,54623
1682,54624
1683,54624
1683,54622
1683,37421
1683,27739
1684,53334
1684,12272
1685,39479
1685,35718
1686,17119
1686,29180
1686,46249
1686,35263
1686,31862
1686,38589
1686,2220
1686,15172
1687,17119
1687,29180
1687,46249
1687,35263
1687,31862
1687,38589
1687,2220
1687,15172
1688,23226
1688,14636
1688,39980
1689,31951
1689,30760
1690,14636
1690,39980
1691,3936
1691,29539
1691,14636
1691,39980
1691,30760
1692,23226
1692,34354
1693,54133
1693,11418
1694,43995
1694,39379
1695,42899
1695,21615
1695,34589
1696,29551
1696,28855
1697,4570
1697,32484
1697,26910
1698,14688
1698,28359
1698,33139
1698,33261
1698,8516
1698,18531
1699,5753
1699,39161
1699,37209
1699,54106
1700,39161
1700,37209
1701,36858
1701,10011
1702,20382
1702,22115
1702,36159
1702,44499
1702,42646
1702,40678
1702,19709
1703,19709
1703,40678
1703,44499
1703,20382
1704,40034
1704,43187
1705,47091
1705,31529
1705,2560
1705,42121
1705,13430
1706,19207
1706,47091
1706,31529
1706,42121
1707,54649
1707,47668
1707,54648
1708,54649
1708,47668
1708,54648
1709,30882
1709,12921
1709,45832
1709,48832
1710,30882
1710,54649
1710,12921
1710,29069
1710,54647
1711,45832
1711,48832
1712,34586
1712,54642
1712,48602
1712,53374
1712,12876
1712,53927
1712,25645
1712,50479
1712,46673
1713,46673
1713,25645
1713,53927
1713,48602
1713,54642
1713,34586
1714,18185
1714,32499
1714,14311
1714,16932
1715,18185
1715,32499
1715,14311
1716,11235
1716,18365
1716,48610
1717,11235
1717,34604
1718,26155
1718,42296
1718,52752
1718,48585
1718,6635
1718,14327
1718,11950
1718,48428
1719,11950
1719,14327
1719,6635
1719,48585
1719,52752
1719,42296
1719,26155
1720,6635
1720,42296
1720,26155
1721,11950
1721,6635
1721,48585
1721,52752
1721,42296
1721,26155
1722,36604
1722,12701
1723,27591
1723,5883
1724,54054
1724,22931
1724,2763
1724,9855
1724,5883
1724,27591
1724,44563
1724,35074
1725,9855
1725,2763
1726,31656
1726,54106
1726,6348
1726,30553
1726,25222
1726,6697
1726,38368
1727,38368
1727,6697
1728,30553
1728,6348
1728,54106
1729,7796
1729,39292
1729,24146
1729,9732
1729,26707
1729,31038
1730,31038
1730,26707
1730,9732
1730,24146
1730,39292
1731,5753
1731,6150
1732,36247
1732,4368
1733,5753
1733,13676
1734,46737
1734,36247
1734,4368
1735,17747
1735,13676
1735,6150
1735,4368
1735,36247
1735,40386
1735,21149
1735,46737
1735,5753
1736,42525
1736,29559
1737,30906
1737,38502
1737,6090
1737,17336
1737,31257
1737,52959
1737,44353
1737,29559
1737,42525
1738,8919
1738,50101
1738,38782
1739,8919
1739,50101
1740,8919
1740,38782
1741,19861
1741,51563
1742,9522
1742,11095
1742,35644
1742,20817
1742,43665
1742,33845
1743,33845
1743,9522
1744,35644
1744,11095
1745,9397
1745,11921
1746,42291
1746,47669
1747,45388
1747,42291
1747,47669
1748,47669
1748,42291
1748,45388
1749,54504
1749,48118
1749,12608
1749,38209
1750,38258
1750,27993
1750,3006
1750,17397
1750,33333
1750,41712
1751,3006
1751,27993
1751,38258
1752,46285
1752,42076
1753,50925
1753,10204
1753,8867
1754,54384
1754,54385
1754,54386
1754,679
1754,54387
1754,54388
1754,41168
1755,41168
1755,679
1756,54388
1756,54386
1757,38823
1757,50130
1757,22773
1758,3388
1758,21575
1758,19055
1758,54342
1758,11039
1759,11039
1759,19055
1759,21575
1759,3388
1760,12615
1760,19620
1760,30231
1760,54190
1760,43654
1760,14087
1761,14087
1761,8796
1762,34604
1762,39792
1762,15172
1763,34604
1763,15172
1764,54188
1764,32073
1764,9569
1764,21966
1764,1201
1765,54188
1765,32073
1765,9569
1765,21966
1765,1201
1766,54519
1766,5288
1767,15571
1767,23979
1768,7002
1768,15571
1769,3270
1769,42559
1769,50910
1769,51222
1769,17196
1770,34135
1770,54333
1771,54333
1771,9516
1771,54334
1771,34135
1772,17182
1772,42436
1772,5729
1773,50149
1773,50676
1773,51926
1774,51926
1774,50149
1775,15176
1775,3750
1776,14776
1776,37010
1776,28673
1776,13516
1776,675
1776,3340
1776,39549
1776,14072
1777,14072
1777,39549
1777,3340
1777,675
1777,13516
1777,28673
1777,37010
1777,14776
1777,32949
1778,27016
1778,6323
1778,9250
1779,54551
1779,44810
1779,446
1780,1742
1780,26902
1781,20114
1781,30493
1781,28485
1781,28941
1782,43009
1782,30493
1783,44327
1783,31590
