userID,itemID
0,811
0,3672
1,2233
1,3436
2,3133
2,2097
2,1211
2,351
2,3546
3,317
3,1067
4,2838
4,3090
5,1783
5,2788
6,681
6,2829
7,435
7,2874
8,1218
8,3012
9,3316
9,3624
10,1790
10,2503
10,1229
10,2526
10,3513
10,3446
10,1461
10,448
10,2685
10,2387
11,1056
11,2090
12,2174
12,1290
13,1972
13,3309
14,1039
14,2386
15,3010
15,1951
16,1803
16,2326
17,599
17,2627
18,1534
18,3764
19,3345
19,1067
20,1924
20,168
21,854
21,2663
22,3450
22,3657
23,2590
23,1009
24,1221
24,1812
25,3445
25,318
26,2851
26,2635
27,3516
27,688
28,18
28,1044
29,1998
29,2048
30,437
30,1959
31,3720
31,1089
32,1
32,553
33,2240
33,2106
34,2526
34,2304
35,1559
35,1500
36,1094
36,3361
37,990
37,1079
38,2665
38,69
39,1351
39,3572
40,1069
40,1114
41,1753
41,3180
42,3148
42,3383
43,318
43,1382
44,2318
44,30
45,2036
45,2048
46,298
46,2467
47,3063
47,1560
48,3056
48,2754
49,349
49,799
49,2237
49,799
49,349
50,1203
50,2075
50,866
51,2872
51,996
51,489
52,2921
52,3660
52,2540
53,2857
53,1037
53,1037
53,2587
53,2857
54,37
54,2780
54,2803
55,1784
55,3191
55,3245
55,3191
55,1784
56,1559
56,764
56,3101
57,2926
57,3436
58,2882
58,2002
58,411
58,2002
58,2882
59,1617
59,2753
59,1763
59,1763
59,2753
60,1453
60,641
60,1720
61,1916
61,2057
61,2654
62,524
62,902
62,638
62,638
62,902
63,2534
63,2373
63,1934
63,1934
63,2534
64,452
64,3417
64,3417
64,527
64,452
65,2938
65,2308
65,727
66,2570
66,1980
66,3542
67,2286
67,1572
67,2735
68,1880
68,811
68,2946
69,2520
69,189
69,2413
70,136
70,1073
70,3688
71,1030
71,1129
71,611
72,163
72,3189
72,2815
72,2815
72,163
73,1050
73,249
73,1195
74,204
74,70
74,3415
74,3415
74,204
75,1739
75,524
75,770
75,770
75,1739
76,3451
76,3589
76,3589
76,3451
76,2241
77,2896
77,1403
77,891
77,1403
77,2896
78,3086
78,1774
78,1162
79,3738
79,3047
79,2315
80,1345
80,1357
81,1478
81,213
81,3009
82,2193
82,2492
82,2992
83,2245
83,3546
83,3546
83,2787
83,2245
84,2172
84,3426
85,1226
85,1095
86,3656
86,1370
87,3556
87,2495
87,2495
87,3556
87,2374
88,2189
88,3266
88,2157
88,3266
88,2189
89,2584
89,1391
89,3118
89,1391
89,2584
90,1902
90,1679
90,1679
90,1786
90,1902
91,3375
91,1707
91,1157
91,1389
91,488
91,795
91,937
91,447
91,937
91,1793
91,795
91,3013
91,1660
91,3052
91,3670
91,2821
91,352
91,1814
91,132
91,2969
91,3200
92,2918
92,3315
92,938
93,74
93,1207
93,1207
93,2034
94,200
94,3481
95,2536
95,1882
96,2252
96,2179
96,2179
96,2252
96,3096
97,2539
97,2798
98,3437
98,1957
99,1382
99,2919
100,3705
100,2864
100,2373
100,2373
100,2864
101,3500
101,3302
101,3302
101,3500
101,2659
102,2071
102,2827
102,1011
103,2008
103,2745
103,1412
104,3224
104,3589
104,3589
104,3224
104,517
104,3430
104,691
105,3277
105,415
105,34
106,1678
106,1208
107,1229
107,3728
108,1237
108,3115
108,1952
109,2056
109,1762
109,3297
110,1706
110,3459
110,657
110,657
110,3459
111,3436
111,297
112,1100
112,2233
112,2787
113,1382
113,1397
114,3678
114,3072
115,316
115,1001
115,1229
116,2356
116,2261
116,2350
117,2470
117,2368
117,1111
118,2775
118,1209
118,1727
119,1800
119,1767
119,1527
120,177
120,684
120,2530
121,718
121,2616
121,1496
121,718
121,2616
121,2616
121,718
121,1496
121,3684
121,66
121,1541
121,3684
121,3433
121,2833
121,1950
122,780
122,2010
122,257
122,780
122,2010
123,2067
123,957
123,2629
124,2548
124,1334
124,628
124,628
124,2548
125,495
125,2007
125,3246
126,1429
126,1901
126,424
127,1503
127,3757
127,2392
127,2392
127,1503
128,1151
128,2972
128,2192
129,103
129,1219
130,927
130,780
131,1954
131,345
131,183
132,1174
132,2600
132,1197
133,2782
133,2215
133,2215
133,3447
133,2782
134,1522
134,250
135,3001
135,1897
135,1490
135,1490
135,1897
136,3254
136,3452
137,1898
137,1711
138,305
138,2279
138,1188
139,875
139,196
139,2469
139,196
139,875
140,2866
140,3507
141,2619
141,3345
141,603
141,3466
142,3515
142,169
142,2999
143,1795
143,1227
143,634
143,2876
144,818
144,2677
144,3462
144,3212
144,2677
144,3212
144,3462
144,818
145,1878
145,3591
145,3591
145,1682
145,2108
145,1878
146,96
146,2333
146,914
146,2357
147,3183
147,3303
147,988
148,1104
148,3504
149,2576
149,2306
149,2717
150,1605
150,3748
151,2742
151,2944
151,160
151,2944
151,1628
152,1242
152,1276
152,3639
152,1591
153,1266
153,2703
153,1566
153,210
153,1566
153,2703
153,1266
154,2843
154,3139
154,3139
154,1957
154,1504
154,2843
155,2435
155,2696
155,2636
155,2435
155,2696
155,2435
155,2636
156,1987
156,3393
156,125
156,1625
157,1509
157,404
157,696
157,3324
158,3308
158,1761
158,394
158,1761
158,394
158,2804
158,1761
158,394
159,2271
159,25
160,2724
160,80
160,919
160,545
161,194
161,3178
161,2382
161,3414
162,1146
162,3285
162,570
162,3297
163,2121
163,2444
163,2444
163,2121
163,839
163,2865
164,2628
164,1982
165,2018
165,3503
165,3311
165,1996
165,3311
165,3503
166,473
166,35
166,814
166,1046
166,1046
166,814
167,2176
167,3736
167,1799
167,1819
168,3027
168,1525
168,607
168,1525
168,607
168,244
169,2462
169,591
169,2249
169,361
170,291
170,2089
170,3159
170,1647
170,1647
170,291
171,1011
171,508
172,2937
172,193
172,222
172,2937
172,1433
172,1988
172,653
172,1587
172,2838
172,3612
172,3247
172,634
173,1450
173,2529
174,2186
174,43
174,2058
174,3758
174,2058
174,43
174,2186
174,2058
174,43
174,3758
174,2186
175,2397
175,1857
175,1502
175,2870
176,1650
176,3604
176,1721
176,1042
177,3576
177,486
177,1922
177,3576
177,486
177,1194
177,2724
177,1497
177,1997
177,992
177,3388
177,3535
178,1356
178,1382
178,1382
178,3606
178,1356
178,238
179,1002
179,444
179,3055
179,1002
179,3055
180,1455
180,2136
181,1007
181,1937
181,3076
181,1728
181,3076
181,1937
182,365
182,3723
182,811
182,2856
183,3719
183,533
183,3618
183,3719
183,533
183,3668
183,3618
184,294
184,2832
185,3228
185,3742
186,3726
186,420
186,816
186,3726
186,420
187,3109
187,306
187,1661
187,864
188,3205
188,595
188,2365
188,3754
189,372
189,1962
189,2242
189,1962
189,1765
189,372
190,2381
190,1372
191,2167
191,1715
191,839
191,2167
191,3637
191,1715
192,1344
192,1993
192,2793
192,2345
192,2793
192,1344
192,2345
192,1993
193,3510
193,276
194,3521
194,1493
194,2891
194,2289
195,2284
195,1295
196,2853
196,1781
196,328
196,3144
196,3144
196,1781
196,328
196,2853
197,1246
197,308
198,1829
198,3496
198,2716
198,1052
199,3722
199,3134
200,501
200,3480
200,1287
200,501
200,3480
201,1177
201,84
201,3460
201,3471
201,3460
201,84
201,1177
202,3532
202,1307
202,748
202,3664
203,2746
203,1695
203,354
203,846
203,846
203,354
203,1695
204,445
204,438
204,3081
204,1598
205,1251
205,3340
205,3008
205,2604
206,3763
206,1869
207,2696
207,2344
207,3705
207,1515
208,2288
208,729
208,2657
208,729
208,2288
208,2487
209,1662
209,6
210,822
210,453
211,509
211,2103
211,2619
211,1067
211,1067
211,2103
212,3112
212,3268
212,3268
212,2671
212,3416
212,3112
213,1569
213,1205
213,1484
213,1254
214,3587
214,1004
214,2642
214,2781
214,2781
214,1004
214,2781
214,1004
214,3587
215,2682
215,3510
215,50
215,1886
215,2682
215,3510
215,50
215,1886
216,295
216,2521
216,1621
216,295
216,2521
217,3354
217,1412
217,1442
217,3066
218,403
218,3283
218,342
218,342
218,3283
218,403
218,656
219,2059
219,3474
219,514
219,374
219,514
219,3474
219,2059
220,188
220,887
220,1117
220,927
221,46
221,386
221,756
221,2042
222,3628
222,2033
222,628
222,2033
222,2275
222,3628
223,2782
223,467
224,620
224,133
224,620
224,3345
224,3345
224,133
224,620
224,3269
225,3694
225,3436
225,2373
225,2909
225,3436
225,3694
226,3586
226,2442
227,2061
227,651
227,804
227,2672
227,2631
227,2164
227,1342
228,2256
228,391
229,2069
229,340
229,2115
229,585
230,2221
230,3221
230,1909
230,3476
231,243
231,3171
232,2263
232,670
232,3241
232,62
232,3241
232,670
232,2263
233,1767
233,2942
233,137
233,27
233,27
233,137
233,1767
234,2640
234,939
234,519
234,2376
235,395
235,1190
235,2360
235,3347
235,3347
235,2360
235,3347
235,1190
235,395
236,721
236,3152
236,721
236,3039
237,313
237,667
237,3328
237,1093
238,1029
238,912
238,1415
238,912
238,1029
238,1520
239,453
239,658
239,2169
239,2691
240,3328
240,2454
241,481
241,1876
241,2719
241,3663
242,40
242,765
242,3295
242,1945
242,1945
242,765
243,253
243,3659
243,2743
243,253
243,3659
244,1908
244,2046
244,865
244,3376
245,1236
245,3538
245,1964
245,3538
245,1236
245,954
245,3538
245,1964
246,152
246,454
247,3755
247,2409
247,2209
247,1563
247,2209
247,2409
247,3755
248,3509
248,1171
248,2112
248,534
249,2455
249,2114
249,3179
249,2516
250,2031
250,1893
250,583
250,3543
250,583
250,1893
250,2031
251,1174
251,1893
251,1244
252,2524
252,3229
252,1224
253,293
253,3331
253,859
253,1437
253,3331
253,1437
253,293
253,859
253,859
253,293
253,3331
254,2318
254,838
254,3080
254,297
255,1203
255,2075
256,2125
256,692
256,2053
256,2125
256,1192
257,2220
257,1708
258,3574
258,1127
258,2342
258,1457
258,3574
258,1127
259,265
259,1278
259,2514
259,3265
259,958
259,2514
259,958
259,3265
259,1278
259,265
260,12
260,3588
260,2897
260,220
260,2028
260,2897
261,1727
261,3546
262,3124
262,1547
262,1179
262,3304
263,161
263,3565
263,2352
263,877
263,277
264,2016
264,1820
264,1820
264,2040
264,594
264,2016
264,635
264,2040
264,1820
264,635
264,594
264,2040
265,604
265,811
265,2142
265,3212
265,2380
265,3212
265,811
266,2939
266,2086
266,628
266,480
266,2493
267,3652
267,70
267,557
267,311
267,2453
268,1336
268,3725
268,3256
268,860
268,1097
268,3256
268,3725
268,1336
269,1776
269,119
269,3698
269,1768
269,2970
269,1776
269,3698
269,119
269,1768
269,2970
270,3133
270,318
270,1382
270,3100
270,1382
270,2457
271,1911
271,1072
271,676
271,1489
271,1030
271,1489
271,676
272,546
272,1417
273,1433
273,1258
273,1941
273,1433
273,1941
274,1356
274,1894
274,3348
274,2433
274,2433
274,3348
274,1894
274,1356
274,2340
275,112
275,1270
275,667
275,3262
276,1750
276,3739
276,936
276,246
276,3739
276,1750
276,2787
276,246
276,936
277,1698
277,3647
278,1426
278,2818
278,251
278,1687
278,1604
278,1604
278,251
278,2818
278,1426
278,1986
278,2848
278,81
278,2400
278,2583
279,2093
279,2846
279,44
279,2156
279,2093
279,2846
279,2093
279,2846
280,2943
280,3323
280,637
280,687
280,2630
281,661
281,621
281,105
281,3566
281,1872
282,2549
282,2658
282,2555
282,1030
282,3019
282,1030
282,2549
282,3019
282,2555
282,2658
283,3556
283,706
283,3751
283,1524
283,635
283,1524
283,3751
283,706
284,2561
284,3619
284,1487
284,3465
284,3465
284,1487
284,3619
284,2561
284,598
285,3054
285,1586
285,54
285,54
285,3465
285,1586
285,3054
285,851
286,2814
286,3486
286,3578
286,2123
286,2814
286,3578
287,53
287,2740
287,3443
287,3603
287,53
287,3603
287,3427
287,3443
288,2122
288,3351
288,986
288,2851
288,1083
289,1471
289,2679
289,1431
289,3301
290,2850
290,3211
290,2618
290,2850
290,3211
290,99
290,2618
291,2068
291,1538
291,1632
291,1168
291,899
292,3325
292,1533
292,192
292,502
292,192
293,1838
293,2383
293,2287
293,1885
293,2131
293,2131
293,1838
293,1885
293,2287
293,2383
294,3405
294,1289
294,1047
294,1289
294,3405
294,1373
294,2022
295,1377
295,1943
295,631
295,2497
295,2182
296,1406
296,909
296,1021
296,44
296,3531
296,909
296,1021
296,44
296,3531
297,3424
297,3409
297,1963
297,1375
298,1407
298,1233
298,26
298,440
298,1928
299,2015
299,3431
299,3431
299,1034
299,2015
299,738
299,2573
300,1197
300,1291
300,3541
300,270
300,3094
300,270
300,3541
300,1291
300,1197
301,3279
301,459
301,970
301,1584
301,2708
301,2708
301,459
301,3279
301,1584
301,970
302,10
302,2622
302,1564
302,10
302,2622
303,1058
303,1006
303,1031
303,675
303,3548
304,709
304,3042
304,407
304,2317
304,2168
304,2317
304,407
304,3042
304,709
305,1536
305,3727
305,2334
305,2879
305,1368
305,3727
306,1994
306,1344
306,1728
306,1344
306,3355
306,1994
306,969
307,2723
307,1809
307,89
307,557
307,2100
308,1436
308,333
308,2700
308,1436
308,628
308,333
309,1206
309,2601
309,1139
309,3412
309,1935
309,3412
309,1139
310,1480
310,633
310,2273
310,1447
310,212
310,695
310,2648
310,3643
311,3765
311,2566
311,2571
311,3732
311,907
312,330
312,2862
312,89
312,2680
312,2779
312,2862
313,2936
313,1714
313,1930
314,2240
314,1640
314,3379
315,2003
315,3435
315,2650
316,2785
316,1899
316,1051
316,815
316,2423
317,915
317,3075
317,3402
317,357
317,1212
317,1212
317,357
317,3075
317,915
318,1775
318,1213
318,2124
318,1612
318,1612
318,2124
318,1154
318,1213
318,1775
319,1595
319,1054
319,3339
319,2439
319,439
319,1054
319,1595
320,1071
320,2091
320,697
321,3057
321,51
321,2721
321,3733
321,181
321,2721
321,51
322,3087
322,2223
322,1297
322,857
322,1748
322,3087
322,2223
322,1297
322,857
322,1748
323,3422
323,2230
323,2894
323,998
323,483
323,2230
323,3422
323,483
323,998
323,2894
324,541
324,2276
324,513
324,1597
324,2685
325,74
325,2054
325,38
325,3267
325,2883
325,74
325,2054
325,38
325,3267
325,2883
326,2707
326,3037
326,1062
326,2707
326,3037
327,3468
327,3465
327,2819
327,1052
328,413
328,945
328,1615
328,3392
329,2562
329,2346
329,225
329,225
329,2346
329,2689
329,2027
329,2562
330,1002
330,3461
330,1240
330,1002
330,3461
330,1343
330,1240
331,1346
331,3442
331,601
332,2085
332,2928
332,721
332,2928
332,1927
332,2085
332,126
333,1232
333,1848
333,3160
333,3558
333,2278
334,3597
334,3313
334,3597
334,3313
335,2823
335,739
335,1944
335,3051
335,1944
335,3051
336,1264
336,49
336,2572
336,2708
336,74
336,74
336,2708
336,2572
337,1718
337,1082
337,2442
337,579
337,606
338,3031
338,3352
338,1067
338,3667
338,219
339,880
339,2552
339,706
339,2204
339,1302
340,3643
340,3275
340,3690
340,2481
340,3690
340,2843
341,2731
341,101
341,1663
341,1402
342,3552
342,2535
342,3519
342,768
343,2066
343,608
343,2272
343,3018
343,3078
343,2066
343,608
344,547
344,3724
344,3114
344,910
344,568
345,2305
345,3104
345,826
345,1589
346,840
346,2370
346,3693
346,1791
346,1499
346,1791
346,3693
346,2370
346,840
347,633
347,927
347,2711
347,927
347,1466
347,628
347,633
348,2916
348,3396
348,2024
348,118
348,3204
349,3164
349,1855
349,987
349,181
349,2835
350,3567
350,1644
350,221
350,3567
350,556
350,1528
350,1528
350,556
350,1644
350,3567
350,221
351,2139
351,3385
352,1131
352,1633
353,2912
353,2844
353,2912
353,576
353,2496
353,2844
353,576
353,652
353,2912
354,1398
354,202
354,1423
354,623
354,1992
355,710
355,1905
355,2050
355,3499
355,3037
356,1734
356,3048
356,2634
356,2762
356,3624
356,1184
356,904
356,1531
356,3249
357,414
357,406
357,216
357,1664
358,2847
358,1370
359,2569
359,1953
359,1666
359,2420
359,3438
360,2166
360,2791
360,2871
360,991
360,1903
361,2
361,72
361,1223
361,1851
361,1230
362,569
362,2461
362,3093
362,2451
362,2451
362,3093
362,2461
362,482
362,569
363,2060
363,267
363,1411
363,1863
364,1860
364,2373
365,2851
365,3177
365,3436
366,1917
366,3600
366,2491
366,3035
367,2820
367,3218
368,735
368,2295
369,2140
369,2585
369,1670
369,19
369,760
370,1979
370,2594
370,3256
370,2594
371,894
371,129
372,2844
372,1175
372,2972
372,1257
372,2212
372,2844
372,1175
372,2972
372,2844
372,1257
372,1175
372,2212
372,2972
372,2972
372,2212
372,1175
372,1257
372,2844
373,2437
373,2744
373,1856
373,3395
373,469
373,469
373,3395
373,2744
373,2437
374,2101
374,2955
374,2296
374,518
374,2955
374,518
374,2101
374,2955
374,518
375,1539
375,1638
375,537
375,1152
375,3644
375,1539
375,1638
375,537
376,2608
376,1024
376,777
376,3270
376,2250
376,1473
376,2250
376,3270
377,137
377,3561
377,3574
377,1025
377,589
378,290
378,3184
378,1970
378,2142
378,1657
378,2588
378,2588
378,290
378,1970
378,3184
379,1021
379,258
380,2475
380,2048
380,203
380,890
380,2231
380,1323
380,203
380,2048
381,60
381,989
381,1563
381,2038
381,256
381,2934
382,638
382,3533
382,638
382,1574
382,3305
382,3533
382,638
382,3305
382,3533
383,1028
383,1115
383,491
383,1115
383,15
383,156
383,2098
383,491
383,15
383,491
384,643
384,3745
384,1920
384,2465
385,602
385,2867
385,385
385,678
385,812
385,2867
385,678
385,812
385,602
385,385
386,869
386,436
386,869
386,1756
386,3684
387,3243
387,744
387,2613
387,1191
387,210
387,42
387,1191
387,2613
387,744
388,24
388,1395
388,1440
388,3691
388,210
388,24
388,1440
388,210
388,1395
388,3691
388,1032
389,2194
389,3231
389,2948
389,179
390,1247
390,1436
390,787
390,1247
390,1336
391,3454
391,680
391,1614
391,1059
391,3573
391,526
391,1583
391,1199
391,662
391,1829
391,1931
391,1700
392,301
392,2596
393,3473
393,2746
393,1174
393,2900
393,3473
393,1975
393,2900
393,3389
394,1140
394,853
394,771
394,1892
395,466
395,2602
395,3655
395,1868
395,1738
395,1363
395,1738
395,1868
395,3655
395,2602
395,466
396,3640
396,808
396,2736
396,3428
396,360
396,2293
396,3640
396,808
397,2765
397,2293
397,340
398,1103
398,541
398,3599
398,845
398,3581
398,2171
399,1613
399,230
399,2151
399,1613
399,230
399,2151
399,760
399,1713
399,2151
399,760
399,1713
399,1704
399,760
399,230
399,1613
399,2151
400,1378
400,434
400,3706
400,2203
400,1831
400,258
401,2049
401,1674
401,190
401,3458
401,1532
401,1789
402,1353
402,1040
402,732
402,3071
402,2749
402,278
402,278
402,2749
402,732
402,1040
403,666
403,609
403,3126
403,1259
403,1259
403,3126
403,246
403,609
403,2676
403,666
403,3672
403,89
403,1483
403,3287
403,964
403,1727
403,2044
403,2205
403,1836
403,2205
403,2044
403,3287
403,1727
403,3672
403,964
403,1483
404,2226
404,3004
404,460
404,974
404,1745
404,474
404,974
404,460
404,3004
405,3172
405,3419
405,1321
405,2687
406,3085
406,3555
406,2055
406,485
407,944
407,1274
407,3378
407,2795
408,318
408,905
408,450
408,318
408,2565
408,461
408,2419
408,2565
408,905
408,2419
408,1418
408,2851
408,3128
408,3611
408,3292
408,3240
408,1728
408,1084
408,1418
408,312
408,3292
408,3240
408,1728
408,2851
408,3128
408,3611
409,2543
409,205
409,1220
409,895
409,2543
409,205
409,1167
409,2958
409,396
409,2527
409,567
410,522
410,3029
410,2052
410,2963
410,1419
410,2052
410,2963
410,1419
411,2881
411,3065
411,3384
411,61
411,1668
411,679
412,68
412,1069
412,1495
412,1298
412,2532
412,1495
413,1782
413,1367
413,423
413,2776
413,2165
413,1367
413,210
413,2165
413,1782
413,2776
414,867
414,821
414,1101
414,31
414,953
414,2714
414,31
414,31
414,953
415,1672
415,1665
415,1370
415,1064
416,1111
416,3397
416,2310
416,2809
416,2470
416,2982
416,2982
416,2470
416,2310
416,3397
416,1111
416,2809
416,3397
416,1111
417,1825
417,3182
417,1304
417,1379
417,1304
417,1379
417,212
417,3597
417,212
417,2774
417,2466
417,948
417,941
417,2774
417,126
417,1166
417,948
417,941
417,3131
417,126
417,2466
417,941
417,948
417,1942
417,2062
417,1166
417,2774
418,809
418,3311
419,3166
419,683
419,2299
419,2206
419,769
419,3658
420,1977
420,3537
420,2911
420,913
420,1796
420,3463
420,2911
420,913
420,1796
421,843
421,1452
421,2229
421,873
421,3666
422,3427
422,1487
423,1350
423,1261
423,881
423,586
423,3475
423,2748
424,3155
424,711
425,943
425,3038
425,1307
425,3360
425,2302
425,2996
426,3744
426,1778
426,1428
426,131
426,3252
426,1063
426,1778
426,3744
427,1132
427,1088
427,3153
427,566
427,1002
427,1132
427,1088
427,1002
427,566
427,1002
428,1964
428,145
428,3132
428,2702
428,3132
428,1964
428,145
428,2702
429,1828
429,1380
429,2331
429,430
429,2499
429,109
430,3353
430,3046
430,950
430,2498
430,2861
430,1180
431,1145
431,139
431,2067
431,237
431,528
432,2975
432,1067
432,841
432,2735
432,3489
432,2875
432,2875
432,2735
432,1067
432,2975
432,2875
432,2735
432,3489
432,2975
432,841
432,1067
433,931
433,3518
433,848
434,2272
434,994
434,1488
434,3018
434,268
434,2399
434,994
434,2272
434,2272
434,994
434,2399
434,268
434,1488
435,995
435,2733
435,1238
435,2355
435,1053
435,3113
436,187
436,1956
436,2147
436,540
437,1109
437,1737
437,967
437,1169
438,2411
438,186
438,3337
438,2767
438,2411
438,186
438,3337
439,1413
439,2523
439,3229
439,3282
439,1442
439,3162
439,3162
439,3282
439,3229
439,2523
440,2457
440,2198
440,2025
440,2488
440,2132
440,282
440,282
440,2132
440,2488
440,2025
440,2198
441,3225
441,2301
441,3174
441,402
441,2688
441,922
441,3225
441,2301
441,3174
441,402
441,2688
441,922
442,1865
442,2426
443,2889
443,245
443,820
443,3291
443,3290
443,23
444,1329
444,619
444,1030
444,3100
444,2787
445,1201
445,2385
445,3397
445,753
445,325
445,753
445,3397
445,2385
445,1260
445,1201
445,1201
445,753
446,1701
446,1005
446,1018
446,896
446,3314
446,44
446,3314
446,896
446,1018
446,1005
446,1701
447,1381
447,1365
447,824
447,1553
447,1087
447,2430
447,1365
447,1381
447,3403
447,3012
447,1514
447,2987
447,2741
447,3403
447,1514
447,2987
447,2741
447,2726
447,1955
447,1239
447,3012
448,1826
448,29
448,3742
448,2834
448,29
448,2834
448,1330
448,29
449,167
449,629
449,1414
449,2082
449,3210
449,3485
449,2082
449,1414
450,2087
450,34
450,1601
450,2087
450,34
450,1601
450,475
451,994
451,451
451,456
451,984
451,3331
451,1948
452,1268
452,1944
452,1030
452,1469
452,2038
452,3615
452,2038
452,1030
452,1944
453,719
453,3538
453,1557
453,327
453,3622
453,2086
453,3622
453,327
453,1557
453,719
453,2086
453,3538
454,1141
454,172
454,548
454,2808
454,3545
454,3444
454,548
454,172
454,1141
455,672
455,2646
455,863
455,1866
455,1066
455,2471
456,3650
456,3281
456,1318
456,3107
456,2254
456,1592
457,2852
457,1690
457,2063
457,932
457,429
457,3099
457,1690
457,429
457,2063
457,932
458,588
458,726
458,464
459,2095
459,2195
460,1835
460,2322
460,960
460,2683
460,1301
460,1427
461,1919
461,3227
461,3689
461,557
461,2099
461,1049
462,3526
462,668
462,2473
462,3334
462,1993
462,3526
462,2473
463,390
463,3216
463,390
463,3216
463,3111
464,3185
464,3110
464,2773
464,1797
464,80
464,3709
465,1265
465,1862
465,755
465,1097
466,558
466,1407
466,1331
466,2109
466,2396
467,3337
467,214
468,767
468,1630
468,260
468,3692
468,929
468,2369
468,2369
468,929
468,3692
468,260
468,1630
469,1008
469,2486
469,2826
469,3646
469,942
469,1154
470,3611
470,3436
471,2790
471,1710
471,601
471,2187
471,1061
472,1173
472,551
473,815
473,1448
473,1810
473,2270
474,1464
474,1305
474,1054
474,1995
474,188
474,644
474,3190
474,1579
474,3267
474,2892
474,2750
474,3708
474,644
474,3190
474,1579
474,3267
474,2892
474,2750
474,3708
475,347
475,721
475,2422
475,347
475,2422
476,1970
476,3184
476,2845
476,3147
476,1913
476,3184
476,2845
477,1370
477,761
477,50
477,2787
477,747
477,1727
478,2661
478,1956
479,1961
479,2130
479,861
479,1339
479,2966
479,1841
479,2130
479,1961
480,2034
480,315
481,642
481,1282
481,1104
481,622
482,3100
482,2553
482,2470
482,3212
482,1926
482,3057
482,3100
482,2553
482,2470
482,3212
482,1926
482,3057
483,3116
483,1250
483,1250
483,1821
483,2710
483,450
483,2817
483,3116
484,2381
484,2594
485,2774
485,3597
485,2761
485,2130
485,3597
485,2761
486,705
486,2563
486,3479
486,1815
486,993
486,2563
486,3721
486,705
487,677
487,559
487,793
487,3002
487,1439
487,359
487,677
487,559
487,793
487,3002
487,1439
487,359
487,359
487,1439
487,559
487,677
488,1728
488,2910
488,3499
488,1193
488,2910
488,3499
488,3485
488,367
489,2201
489,1879
489,3702
489,1410
489,1410
489,3749
489,3702
489,1933
489,1879
489,2201
489,1879
489,3702
489,1879
489,3702
489,1410
490,2175
490,311
490,2290
490,2238
491,1001
491,122
491,1751
491,3602
491,1126
491,2142
492,2074
492,1691
492,2575
492,557
492,1316
492,1404
493,3557
493,3310
493,550
493,1421
493,1122
493,3188
493,1338
493,148
493,3683
493,550
493,1338
493,2469
493,1122
493,1338
493,148
493,3188
493,3683
494,1485
494,3339
494,387
494,2016
494,3339
494,387
494,387
494,1105
494,3339
494,13
494,1105
495,2434
495,1861
495,3582
495,1339
496,286
496,886
496,199
496,1451
496,829
496,2886
496,1172
497,3608
497,2227
497,195
497,3377
497,206
497,1318
497,908
497,3608
497,2227
497,195
497,3377
497,206
497,1318
497,908
498,3682
498,1067
498,3345
498,2417
498,2656
498,1502
499,463
499,3011
499,3062
499,2995
499,1966
499,2541
499,2877
500,3580
500,3202
500,3202
500,3214
500,2515
500,3580
500,2954
500,2429
500,371
500,2954
500,3580
500,3214
501,674
501,1873
501,1571
501,3286
501,3178
501,3740
501,3014
502,2335
502,2180
502,3276
502,1112
502,2225
502,1659
502,855
503,2336
503,3638
503,3374
503,1645
503,97
503,682
503,1702
504,3526
504,1876
504,834
504,2552
504,2964
504,834
504,2032
504,1876
504,314
504,3526
504,3526
504,1876
504,2032
504,834
504,314
504,2964
505,973
505,165
505,2935
505,973
505,165
505,2935
505,2786
505,1609
505,2994
506,723
506,1038
506,3634
506,2183
506,603
506,1043
506,723
506,1038
506,3634
506,603
506,1043
506,2183
506,2183
506,1043
506,603
506,318
506,3634
506,1038
506,723
507,275
507,309
507,835
507,2349
507,1106
507,1946
507,2349
507,85
507,835
507,1946
507,275
507,309
508,3569
508,3523
508,2592
508,837
509,3529
509,2806
509,1399
509,3197
509,1874
509,1512
509,1405
509,1512
509,1874
509,3197
509,1399
509,2806
509,3529
510,185
510,1204
510,2080
510,3032
511,2618
511,557
511,234
511,3140
511,70
511,1030
511,557
511,234
511,1030
512,2922
512,303
512,2922
512,2649
512,2072
512,3641
513,2216
513,3460
513,2421
513,3235
513,184
513,3127
513,184
513,2782
513,3235
513,2421
513,3460
513,2216
514,3490
514,3233
514,3651
514,1481
514,2746
514,3349
514,627
514,3651
514,3490
515,557
515,2400
515,1298
515,2507
515,2843
515,571
515,571
515,2507
515,1298
515,2843
515,2400
515,557
515,2316
516,3704
516,1498
516,1135
516,2811
516,1858
516,982
516,2537
517,2476
517,3165
517,3044
518,2863
518,968
518,636
518,1643
518,2522
518,2013
518,176
518,636
519,956
519,772
519,800
519,713
519,441
519,1727
519,956
519,64
519,772
519,800
520,2264
520,150
520,3620
520,3439
520,1850
520,1618
521,613
521,1693
521,811
521,759
521,212
521,2297
521,2137
521,811
521,1693
522,1651
522,617
522,3672
522,3206
522,2240
522,3281
523,3208
523,976
523,2525
523,510
523,1890
523,976
523,510
524,1895
524,284
524,3259
524,2575
524,2575
524,3259
524,284
524,3201
524,1243
524,1067
524,1895
525,1550
525,3520
525,1341
525,3533
525,662
526,2841
526,2407
526,364
526,1603
526,2903
526,288
526,1889
526,1889
526,1603
526,288
526,364
526,2580
526,3394
526,3400
527,91
527,3491
527,117
527,1422
527,1580
527,1757
527,0
527,0
527,1580
527,1422
527,3491
527,91
528,531
528,2280
528,760
528,1045
528,1771
528,1667
528,1391
528,1391
528,1667
528,760
529,3310
529,566
529,2213
530,1683
530,3265
530,1830
530,1845
530,3137
530,1568
530,1396
530,1396
530,1568
530,1845
530,1830
530,3265
530,1683
531,742
531,1947
531,715
531,3356
531,466
531,1947
531,742
531,2907
531,2509
532,1697
532,3350
532,3633
532,2502
532,3257
532,1842
532,379
533,1269
533,332
534,919
534,2196
534,1196
534,712
535,436
535,2426
535,3043
535,436
535,2426
535,269
536,3399
536,1312
536,2742
536,353
536,3260
536,2152
536,1235
537,3695
537,873
537,446
537,52
537,3449
537,3226
537,1646
538,2980
538,3404
538,284
538,2639
538,1895
538,3763
538,794
538,794
538,3763
538,1895
538,2639
538,3404
538,2980
539,650
539,752
539,170
539,1486
539,3198
539,170
539,3198
540,1284
540,2713
541,3337
541,2029
541,720
541,3398
541,1376
541,1454
541,1464
541,3398
541,2103
541,1355
541,1376
541,1454
541,1464
541,3125
542,789
542,2758
543,3115
543,1575
544,2549
544,175
544,554
544,3049
544,2489
544,3610
544,3407
544,3049
544,2549
545,1354
545,92
545,1675
545,92
545,2329
545,3016
545,1354
545,2432
545,2840
545,1675
545,2329
545,3338
545,3366
545,3366
545,2441
545,246
545,3338
545,2737
545,3381
545,1958
545,3198
545,433
545,1784
545,3095
545,1030
545,2644
545,2644
545,1030
545,942
545,3095
545,1444
545,1784
545,955
545,433
545,1773
546,500
546,2810
546,2973
546,1583
546,2973
546,2850
546,883
547,2859
547,1924
547,3675
547,2474
547,2859
547,1730
548,3404
548,966
548,3763
548,3591
549,1401
549,2930
549,100
549,603
549,2035
549,552
549,716
549,603
549,2035
549,100
549,2035
549,552
550,811
550,3554
550,2888
550,2554
551,856
551,529
551,2738
551,852
551,3595
552,102
552,3021
552,1833
552,3401
552,1997
552,3031
552,512
552,512
552,3031
552,1997
552,3401
552,1833
552,512
552,1997
553,1980
553,3332
553,3100
553,134
553,2511
553,3676
554,3300
554,1320
554,2207
554,2756
554,3300
554,2207
554,323
554,2705
555,512
555,1833
555,2364
555,3041
555,3434
555,1055
555,1833
555,700
555,512
555,3434
555,2364
556,1113
556,3697
556,516
556,1743
556,2838
557,140
557,2481
557,2362
557,885
557,3232
557,404
557,2376
557,2376
557,404
557,885
557,2481
557,140
557,3232
557,2362
558,1200
558,1854
558,228
558,2268
558,1200
558,2667
558,151
558,228
558,1323
559,2313
559,1020
559,2457
559,3135
559,1998
559,2448
559,537
560,1727
560,811
560,2769
560,2664
561,3743
561,523
561,2559
561,574
561,2962
561,321
561,3380
561,3380
561,2962
561,574
561,2559
561,523
561,3743
562,1288
562,1626
562,41
562,906
562,581
562,1446
563,3583
563,731
563,1822
563,497
564,1677
564,3517
564,3579
564,1245
564,302
564,310
564,3579
564,3517
564,1677
564,1383
565,289
565,246
565,417
565,289
565,2160
565,417
565,289
565,2160
565,246
565,2108
565,1475
566,2048
566,1442
566,182
566,3154
567,1712
567,147
567,1712
567,3701
567,2813
567,3363
567,1248
567,2813
568,539
568,2105
568,409
568,2772
568,115
568,2976
568,1138
568,2976
568,115
568,2772
568,2105
569,3455
569,1906
569,1969
569,370
569,2415
570,3068
570,249
570,2411
570,3156
570,2924
570,2637
570,3088
570,2637
570,3088
570,3068
570,249
570,3156
570,2924
570,2411
571,1252
571,1163
571,884
571,2528
572,791
572,2094
572,3605
572,481
572,685
572,2006
572,3248
573,1108
573,782
574,3043
574,3370
574,951
574,564
574,703
574,3186
574,2797
574,703
574,2797
574,3370
574,3186
574,564
574,951
574,3043
574,951
574,2797
574,3263
574,3455
574,3527
574,28
574,1688
574,241
574,1516
574,1839
574,1215
574,1215
574,28
574,3527
574,3455
574,1839
574,1516
574,3263
574,241
574,1688
574,2796
574,2348
574,1900
574,774
574,422
574,827
574,862
574,941
574,997
574,997
574,862
574,2796
574,941
574,827
574,422
574,5
574,1969
574,3752
574,1681
574,1441
574,3577
574,3752
574,2546
574,3193
574,1681
574,1441
574,3577
575,2849
575,2292
575,1942
575,3106
575,664
575,2393
575,767
575,2393
575,664
575,3106
575,1942
575,2849
576,3121
576,3368
576,1719
576,2500
576,3121
576,3368
577,1281
577,2142
578,601
578,2001
578,3189
578,2692
578,985
578,2623
578,985
578,2623
578,3189
578,2692
578,3189
578,2623
578,355
578,985
578,2001
578,601
579,1322
579,3289
579,2615
579,3441
579,783
579,783
579,2533
579,3441
579,2188
579,2615
579,3289
579,1322
580,3410
580,3219
580,1300
580,854
580,3410
580,3219
580,854
580,1300
580,144
581,811
581,685
581,3177
581,1727
581,3436
581,1083
581,3100
582,504
582,2589
582,472
582,3456
582,1234
582,577
582,3105
582,3105
582,577
582,3456
582,504
583,1517
583,760
583,158
583,1098
583,1562
583,3169
583,1517
583,760
583,3169
583,158
584,671
584,2567
584,1360
584,3117
584,636
585,2669
585,3306
585,3060
585,874
585,2641
585,2408
585,784
585,784
585,874
585,3060
585,2669
586,2375
586,844
586,3408
586,730
586,1187
587,1155
587,1472
587,1155
587,1578
588,7
588,1217
588,2915
588,1624
588,1859
588,1136
588,7
588,978
588,1217
588,2915
588,2915
588,1217
588,1136
588,978
588,1859
588,1624
588,7
589,3562
589,1468
589,1468
589,1834
589,2338
589,2155
589,3562
589,980
589,65
589,2338
589,1834
590,1751
590,1281
590,604
590,805
590,123
590,9
590,2390
590,1751
590,1281
590,604
590,805
590,123
590,9
590,2390
590,805
591,1119
591,2130
591,2675
591,1555
591,1130
591,2787
591,1727
591,1727
591,2787
591,1555
591,2675
591,2130
592,2673
592,348
592,1369
592,3497
592,348
593,1985
593,921
593,1616
593,561
594,1273
594,2252
594,3757
594,1160
594,1074
594,2557
594,2794
595,2877
595,1162
595,1491
595,3271
595,1491
595,3520
595,3271
596,246
596,3069
596,3484
596,3747
596,1370
596,1154
597,1445
597,2895
597,2323
597,1133
598,3163
598,392
598,2111
598,3163
598,392
599,1362
599,3227
599,1434
599,1359
599,1555
599,3637
600,662
600,71
600,3494
600,3502
600,3533
600,2690
600,710
600,3533
600,662
600,710
600,3502
600,3494
600,71
601,3672
601,3759
601,3344
601,1501
601,2787
601,3462
601,215
602,1561
602,601
602,1579
602,3551
602,2187
602,1207
602,3477
603,93
603,2353
603,878
603,1910
603,93
603,2353
603,3687
603,1030
603,93
603,2353
603,878
603,1910
603,1030
604,1412
604,3358
604,832
604,461
604,2618
604,384
604,724
605,461
605,1481
605,625
605,98
605,869
606,882
606,2300
606,2291
606,2485
607,916
607,63
607,1339
607,626
607,2251
607,2890
607,916
607,626
607,627
608,659
608,933
608,280
608,2265
608,2303
608,933
608,2184
609,1382
609,3672
609,2077
609,1313
609,1501
609,1651
609,297
609,1382
609,3672
609,2077
609,1313
609,1501
609,1651
609,297
610,2366
610,507
610,503
610,2402
611,1611
611,1086
611,3317
611,684
611,177
611,3696
611,3490
612,2698
612,2484
612,3645
612,2327
612,560
612,3645
612,2484
612,2698
612,560
612,721
612,3627
612,2327
613,1548
613,2464
613,196
613,3138
613,1877
613,3278
614,2159
614,1770
614,1388
614,2057
614,1551
614,1522
614,1923
615,573
615,2830
615,363
615,3362
615,401
616,511
616,569
616,468
616,1540
616,2873
616,2078
616,468
616,468
616,2078
616,2873
616,569
616,1540
616,259
616,511
616,1540
616,2873
616,2078
617,421
617,2800
617,3550
617,1015
617,1818
617,1818
617,1015
617,3550
617,2800
617,476
617,421
617,2979
618,2199
618,1816
618,1709
618,3108
618,1777
618,3447
618,3028
618,1777
618,3108
619,575
619,2991
619,2285
619,73
619,2763
619,2991
619,2285
619,73
620,2277
620,2997
621,341
621,1823
621,3025
621,2260
622,2952
622,1048
622,2282
622,149
622,1048
622,2981
622,2952
622,2366
622,1606
623,1673
623,281
623,3703
623,3322
623,2294
623,2752
623,2539
624,1735
624,337
624,1060
624,1107
624,1057
624,1934
624,1057
624,337
625,252
625,660
625,701
625,127
625,2822
625,2244
626,2578
626,1585
626,694
626,1622
626,487
626,1652
626,1637
626,1622
626,694
626,1585
627,3765
627,1013
627,3368
627,1785
627,326
627,3648
627,1462
627,3368
627,3648
627,1785
627,326
627,3368
627,1785
627,326
627,3648
628,240
628,48
628,918
628,1973
628,3307
628,1482
628,2868
629,1997
629,380
629,3365
629,1733
629,1997
629,380
629,1733
630,32
630,2730
630,3024
630,1780
630,1780
630,3024
630,2730
630,32
630,296
630,580
630,893
631,3405
631,1529
631,1324
631,2222
631,775
631,792
631,2134
632,431
632,2412
632,999
632,75
633,3294
633,2931
633,3089
633,654
633,1068
633,648
633,3003
633,1971
633,648
633,1971
633,1971
633,3003
633,648
633,1068
633,654
633,3089
633,2931
633,3294
634,3045
634,3465
634,2248
634,163
634,163
634,2281
634,2248
634,3022
634,3514
634,3465
634,3045
634,1971
635,2551
635,1594
635,22
635,1144
635,1253
635,2208
635,1731
635,2030
635,2030
635,1731
635,2208
635,1253
635,1144
635,22
635,1594
636,470
636,1019
636,2704
636,3264
636,786
636,2377
636,2704
636,3264
636,1019
636,786
636,470
636,2988
637,3562
637,949
637,1069
637,3596
637,2506
638,1543
638,338
638,2800
638,1421
638,3050
638,1543
638,2800
638,521
638,3050
638,521
638,338
638,1130
638,338
639,2026
639,2662
639,3070
639,2389
639,2117
639,1921
639,1153
639,1102
639,1921
639,2117
639,2662
640,846
640,1824
640,1327
641,382
641,2000
641,1027
641,272
641,1523
641,159
641,3737
641,1370
641,382
641,272
641,1523
641,159
642,322
642,1719
642,2933
642,1315
642,1391
642,2651
642,2933
642,1719
642,2651
642,1391
642,1315
642,2455
642,3276
642,322
643,1016
643,1699
643,2591
644,3100
644,3133
644,377
644,2728
645,83
645,1577
645,1692
645,2585
645,2957
645,746
645,1635
645,888
645,888
645,1635
645,746
645,2957
645,2585
645,1692
645,1577
645,83
645,888
645,746
645,1692
646,3217
646,113
646,946
646,1197
646,3714
646,477
646,2586
646,1888
647,942
647,2254
647,2214
647,2254
647,1535
647,942
647,1636
647,2695
647,3367
647,248
648,408
648,536
648,233
648,362
648,408
648,536
648,233
648,362
649,3372
649,1936
649,2560
649,2984
649,316
649,2751
649,2448
649,1623
649,1623
649,2984
649,2560
649,2448
649,3372
650,2824
650,180
650,3715
650,1724
650,1526
650,3601
651,817
651,3293
651,2319
651,2233
651,3397
651,2577
651,1011
651,1941
651,817
651,3293
651,2319
651,2233
651,3397
651,2577
651,1011
651,1941
652,3335
652,947
652,3311
652,3079
652,427
652,3544
652,727
652,1328
653,1197
653,836
653,2829
653,2599
653,1792
653,1364
653,2457
653,647
653,1792
653,836
654,1608
654,3151
654,766
654,2210
654,572
654,766
654,3556
654,3151
654,1608
654,572
654,2844
654,2158
654,2210
654,2844
654,1608
654,3151
654,766
654,2210
654,3151
655,76
655,2307
655,1990
655,2598
655,76
655,2307
655,3413
655,485
655,1939
655,1225
655,2598
656,262
656,2311
656,2452
656,2770
656,3386
656,1518
656,2311
656,47
656,1743
656,262
656,47
656,2770
656,2452
657,2136
657,3261
657,369
657,1412
657,582
657,1347
657,2116
657,1995
658,1361
658,1840
658,2718
658,1361
658,1840
659,3453
659,1655
659,2802
659,3329
659,790
659,2802
659,2129
659,2324
659,3329
659,790
660,597
660,3142
660,842
661,1638
661,2416
661,428
661,1003
661,2585
661,1797
661,428
661,2843
661,2416
661,898
661,1797
661,2585
661,1003
661,1638
662,1736
662,2401
662,2074
662,1967
662,2045
662,1736
662,1760
662,2401
662,2074
662,1967
662,2045
663,694
663,2354
664,1827
664,3100
664,830
664,1370
665,2684
665,3006
665,78
665,1759
665,3672
665,2423
665,1759
665,1460
666,2446
666,1358
666,2648
666,894
666,536
666,2388
666,2163
666,894
666,2446
666,2648
666,894
666,2648
666,2163
666,2388
666,1358
666,3320
666,2446
666,536
666,212
666,2253
666,2153
666,3203
666,1875
667,1999
667,3673
667,590
667,2041
667,1231
668,1806
668,2138
668,2545
668,3157
669,1293
669,532
669,870
669,1552
669,3553
669,1142
669,2040
669,1463
669,1463
669,2040
669,1142
669,3553
669,1552
669,870
669,532
669,1293
670,1202
670,1026
670,273
670,2258
670,2693
670,1938
670,1202
670,1938
670,1026
670,2258
670,2693
671,2233
671,1370
671,1382
671,817
671,3672
671,2254
671,3436
671,2787
671,2254
671,3672
671,817
671,1370
671,2233
672,1466
672,2469
672,2143
672,1968
672,2445
672,1449
672,2974
672,1694
672,2143
672,2469
672,1466
673,3334
673,261
673,1769
673,2359
674,397
674,741
674,77
674,11
675,1120
675,492
675,3000
675,2505
675,1359
675,3457
675,2121
675,565
675,235
675,1476
675,304
675,734
675,565
675,235
675,1476
675,734
676,3253
676,1194
676,2929
676,992
676,1374
676,1833
676,163
676,307
676,155
676,297
676,3713
676,1696
676,191
676,3017
677,1065
677,2783
677,1123
677,2496
677,3031
677,1593
677,3731
678,111
678,1983
678,2612
678,3570
678,3506
678,16
678,3730
678,2773
678,3730
678,16
678,3506
678,3570
678,2612
678,1983
679,725
679,2932
679,1847
679,2626
679,153
680,1788
680,544
680,1949
680,3763
680,1884
680,1627
680,1949
680,1884
680,3763
680,3625
680,1627
680,3273
681,2119
681,292
681,111
681,3503
681,1457
681,3423
681,292
681,2119
681,117
681,781
681,3423
681,1457
682,2384
682,2624
682,1511
682,2388
682,2051
682,1511
682,494
682,2388
682,3255
683,1680
683,3539
683,977
683,2684
683,343
683,1143
683,2712
683,698
683,2712
683,698
683,1143
684,2447
684,2862
684,3654
684,2379
684,2083
684,601
684,3654
684,2379
684,116
684,2447
684,2862
684,3448
685,3130
685,1844
685,3130
685,1844
685,2477
685,89
686,3097
686,2478
686,1114
686,1867
686,1370
686,2971
686,1896
686,143
686,1896
686,2478
686,143
686,2971
686,1370
686,3097
687,963
687,2568
687,1510
687,535
687,2102
687,56
687,963
687,2655
687,2568
687,1510
687,535
687,2655
687,2568
687,1510
687,535
687,963
687,1510
688,1435
688,876
688,879
688,2150
688,3495
688,3220
688,1022
688,702
688,1022
688,3220
688,3495
688,2150
688,879
688,876
688,1435
688,3495
688,876
688,1435
688,1022
688,3495
688,2150
688,879
688,876
688,1435
689,796
689,138
689,2869
689,1165
689,381
689,3390
689,3388
689,1314
689,796
689,138
690,1537
690,1465
690,2914
690,86
690,1537
690,1465
690,2914
690,86
690,3359
690,1729
690,1549
690,1549
690,1729
690,3359
690,86
690,2914
690,1465
690,1537
690,1620
691,3023
691,811
691,3672
691,1689
691,2539
692,1349
692,2411
692,3568
692,3568
692,1638
692,3409
692,2411
692,130
692,1349
692,3680
692,660
692,660
692,3680
692,1349
692,130
692,2411
692,3409
692,3568
693,1932
693,290
693,2621
693,2666
693,2666
693,2978
693,290
693,1932
693,850
693,1222
693,2621
693,1544
694,3250
694,2005
694,2403
694,986
694,3611
694,301
694,3083
694,3672
695,2844
695,2899
695,3746
695,2394
695,1125
695,1981
695,2766
695,3761
696,2043
696,2438
696,1070
696,3498
696,959
696,2410
696,3341
696,2029
696,2410
696,959
697,2451
697,1267
697,2446
697,897
697,3447
697,3712
697,831
697,2542
697,3712
697,3447
698,614
698,2459
698,2632
698,1229
698,3357
698,2211
698,2990
698,979
698,979
698,2990
699,2173
699,2107
699,1337
699,3061
699,942
699,810
699,227
699,227
699,810
699,942
699,3061
699,3158
699,1337
699,2107
699,2173
700,632
700,1158
700,3125
700,693
700,3056
700,3125
700,2660
700,1519
700,1158
700,3056
700,632
700,1296
700,693
701,884
701,1988
701,2531
701,1755
702,2843
702,2468
702,1546
702,1067
702,662
702,2960
702,2468
702,2120
702,2120
702,2468
702,2960
702,2843
702,662
702,1325
702,1067
702,1546
703,2865
703,2154
703,1576
703,433
703,1817
703,1576
703,433
703,1817
703,433
704,3465
704,492
704,1105
704,1507
704,344
704,1619
704,1965
704,3472
705,3242
705,3237
705,550
705,329
705,3626
706,2234
706,3059
706,2909
706,2246
706,426
706,2234
706,2909
706,2246
706,426
707,868
707,106
707,2004
707,2854
707,2998
708,3364
708,3244
708,1623
708,204
708,1297
708,2838
708,1699
708,3525
708,1740
708,2168
708,1699
708,2838
708,1297
709,1390
709,3267
709,612
709,3354
709,2048
709,2643
709,476
709,1332
709,1332
709,3354
709,612
709,3267
709,1390
709,476
709,2643
709,2048
710,1214
710,2257
710,120
710,2816
710,3501
710,3170
710,2146
710,3170
710,1176
710,2146
711,388
711,226
711,740
711,2483
712,872
712,2843
712,171
712,3031
712,2835
712,2835
712,3031
712,1249
712,171
712,628
712,1420
712,2843
712,872
713,1228
713,1387
713,3686
714,2191
714,3679
714,3757
714,416
714,1943
714,2878
715,3735
715,3556
715,1506
715,3312
715,3236
715,1479
715,2427
716,3161
716,2914
716,3102
716,3318
716,1832
716,1494
716,1416
716,3483
716,1494
717,543
717,3167
717,550
717,3336
717,2019
717,3253
717,163
717,3613
717,3167
717,543
717,3253
717,2019
717,3167
718,3681
718,3592
718,2668
718,2414
718,1801
718,3598
718,2161
719,124
719,198
719,3609
719,1340
719,2190
719,2017
719,399
719,1340
719,3609
719,198
719,2709
719,124
720,3487
720,1080
720,2820
720,2170
720,285
720,542
720,3234
720,3425
720,3425
720,3234
720,542
720,285
720,2170
721,2247
721,736
721,1746
721,3488
721,1041
721,2739
721,788
721,736
721,2247
721,563
722,3757
722,2404
722,114
722,2020
722,2189
722,1974
722,1974
722,2189
722,2020
722,2620
722,114
722,419
722,2404
722,3757
723,2887
723,393
723,1641
723,1667
723,2556
723,2887
723,1255
723,2556
723,1641
723,1667
723,1164
723,2887
723,393
723,2556
724,1727
724,3611
724,811
724,585
724,2293
724,811
724,601
724,2293
724,638
724,3146
724,3611
724,585
724,1727
725,376
725,1918
725,1722
725,1936
725,628
725,2778
725,3465
725,3687
725,1722
725,1936
725,2778
726,2908
726,2391
726,3238
726,1864
726,2517
726,1012
726,3420
726,1012
726,2517
726,3238
726,2391
726,2181
726,1864
726,2908
726,2517
726,1012
727,3195
727,2609
727,2768
727,3592
727,3717
727,1017
727,3073
727,2144
727,2144
727,3073
727,1017
727,3717
727,3592
727,3195
728,731
728,3662
728,2479
728,2967
728,3547
728,731
728,3662
728,3547
728,3077
728,366
728,2479
728,375
729,1717
729,3699
729,1574
729,2378
729,1291
729,2961
729,2012
729,2378
729,17
729,2012
729,2961
729,3699
729,1717
729,1574
729,1291
730,2605
730,297
730,237
730,1726
730,2596
730,89
730,1726
730,2732
730,2596
730,89
730,1726
731,320
731,378
732,3327
732,135
732,1989
732,3551
732,601
733,1943
733,2878
733,1984
733,3590
733,2956
733,2128
733,1870
733,2274
734,1392
734,285
734,2337
734,1161
734,2792
734,803
734,3224
734,1550
735,2900
735,382
735,2217
735,247
735,112
735,3321
735,1805
735,247
735,1805
736,1118
736,585
736,1193
736,1371
736,1371
736,1699
737,1929
737,1815
737,3043
737,1929
737,1815
737,645
737,1364
737,2930
737,3043
737,1364
737,3043
738,3034
738,2110
738,2314
738,928
738,90
738,2614
738,2906
738,846
738,846
738,2614
738,928
738,2314
738,2110
738,3034
739,2771
739,2860
739,3100
739,3738
739,2839
739,1458
739,1691
739,935
739,2839
739,3738
739,3100
739,2860
739,2771
739,3738
739,2839
739,935
740,471
740,2320
740,965
740,1590
740,2901
740,2255
740,2372
740,610
740,2255
740,2901
740,1590
740,2320
740,471
741,2133
741,587
741,1556
741,142
741,2951
741,461
741,2449
741,173
741,2951
741,2133
741,173
741,2449
741,461
741,142
742,3015
742,3103
742,1438
742,3440
742,689
742,3671
742,565
742,3482
743,1023
743,3649
743,3492
743,1852
743,751
743,1676
743,1280
743,2512
743,2512
743,1280
743,1852
743,3492
744,2145
744,1570
744,562
744,3559
744,3030
744,2947
744,505
744,1198
745,177
745,3317
745,1611
745,3346
745,2530
745,2647
745,3696
746,810
746,924
746,1978
746,1610
746,3575
746,1881
746,2564
746,3711
746,2564
746,3711
746,1978
746,1881
747,1573
747,640
747,2754
747,1787
747,2959
747,630
747,1573
747,1787
747,1467
747,640
747,2754
748,3629
748,745
748,3159
748,3629
748,1808
749,584
749,3708
749,1024
749,211
749,3280
749,1024
749,1968
749,211
749,3280
750,432
750,2224
750,1565
750,616
750,1837
750,3621
750,3623
751,1843
751,3617
751,2218
751,3058
751,2610
752,3631
752,3564
752,3330
752,2579
752,2686
752,3129
752,1807
752,3391
753,171
753,2351
753,207
753,2228
753,2351
754,1764
754,1075
754,1960
754,255
754,3120
754,1181
754,1185
754,1311
755,2321
755,3235
755,3239
755,3726
755,2425
755,934
755,465
755,383
755,465
755,2425
755,3235
755,934
755,2321
756,1076
756,3611
756,802
756,1111
756,2596
756,1742
757,3100
757,3116
757,3445
757,215
757,2081
757,3133
757,2701
757,1014
758,3616
758,3438
758,1542
758,2569
758,1666
758,1953
758,2757
758,271
759,1545
759,3149
759,1294
759,2239
759,952
759,2926
759,2077
759,2787
759,1545
759,3149
759,1294
759,2239
759,952
759,2926
759,2077
759,2787
760,2358
760,1747
760,1219
760,3288
760,3346
760,1611
760,1086
760,177
760,684
760,3317
760,2917
760,3168
760,2953
760,2953
760,3317
761,2617
761,2371
761,2450
761,592
761,1705
761,686
761,141
761,319
761,319
761,141
761,686
761,1705
761,592
761,2450
761,2617
762,3326
762,2504
762,1558
762,1634
762,2905
762,2293
762,2550
762,828
762,828
762,2550
762,2293
762,1634
762,2504
762,1558
762,3326
762,2905
762,1634
763,825
763,2325
763,762
763,3760
763,2218
763,3760
763,940
763,762
763,2243
763,2825
763,2325
763,825
764,901
764,3373
764,1649
764,1319
764,224
764,1492
764,3373
764,1492
764,1319
764,224
764,425
764,2339
764,1649
764,901
765,1659
765,3628
765,1786
765,660
765,210
765,1786
765,660
766,254
766,2077
766,1443
766,3177
766,3436
766,811
766,2233
766,3611
767,749
767,3614
767,128
767,2286
767,749
767,128
767,324
767,2633
767,776
767,2633
768,1386
768,3016
768,104
768,146
768,639
768,1470
768,1335
768,639
768,1335
768,146
768,1470
768,3272
768,104
768,3016
768,1386
769,2363
769,649
769,673
769,231
769,58
769,14
769,1875
769,386
770,59
770,3675
770,1137
770,2474
770,448
770,2549
771,2805
771,2219
771,3766
771,911
771,600
771,1262
771,1262
771,600
771,2593
771,911
771,3766
771,1030
771,2219
771,2805
771,2805
771,911
771,600
771,1262
772,1348
772,1653
772,757
772,1744
772,3549
772,1290
772,1182
772,1348
772,757
772,1744
772,2152
772,1653
772,1182
772,1653
772,1290
772,2152
772,3549
772,1744
772,757
772,1348
773,2118
773,1085
773,2836
773,2088
773,1945
773,1945
773,2706
773,2088
773,3064
773,2836
773,1085
773,217
773,2118
774,962
774,3005
774,3258
774,1581
774,36
775,3100
775,2254
775,1887
775,1654
775,596
775,1703
775,443
776,663
776,1997
777,2900
777,1693
777,750
777,941
777,209
777,3207
777,1732
777,1658
777,2789
777,3207
777,1732
777,2789
778,1907
778,3319
778,3707
778,2335
778,3593
778,797
778,3213
778,3653
778,3319
778,3707
778,2335
778,3593
778,797
779,2092
779,455
779,2037
779,82
779,2011
779,157
779,3563
779,1130
779,2312
779,2312
779,1130
779,82
779,157
779,2011
779,2037
779,1130
779,82
779,2312
779,157
779,2011
779,2037
780,3675
780,2764
780,2784
780,1221
780,2526
780,1846
780,3450
780,334
780,31
780,3450
780,2526
780,1221
780,2784
781,1881
781,1587
781,89
781,246
781,530
781,3584
781,2837
782,2460
782,2493
782,1556
782,3194
782,1749
782,2460
782,498
782,3194
782,3455
782,1865
783,1318
783,2539
783,717
783,728
783,239
783,1716
783,155
783,297
783,3585
783,3585
783,297
783,155
783,1716
783,239
783,728
783,717
783,2539
783,1318
784,2104
784,2603
784,3705
784,525
784,2104
784,2603
784,555
784,55
785,2843
785,210
785,95
785,1299
785,903
785,2141
785,1366
785,2678
785,2103
786,3026
786,1397
787,3033
787,3098
787,506
787,2490
787,1599
787,3033
787,2490
787,1599
788,499
788,1409
788,1149
788,3524
788,1400
788,1758
788,174
788,418
788,1400
788,1758
789,2777
789,2670
789,1913
789,3194
789,1279
789,3286
789,3342
790,3188
790,1588
790,1779
790,1459
790,3067
790,3053
790,1326
790,3067
790,1459
790,1779
790,3411
790,1588
790,3074
790,3188
791,2599
791,2923
791,2625
791,1535
791,1846
791,87
791,601
791,2599
791,1846
791,1567
792,442
792,493
792,3196
792,983
792,983
792,1431
792,493
792,2463
792,3196
792,2428
792,1277
792,2064
792,442
792,2064
792,1277
792,2428
792,1431
792,2064
792,1277
792,1431
792,442
792,2428
792,2463
793,1216
793,3508
793,760
793,1676
793,1000
793,1813
793,2985
793,2135
793,3578
793,3508
793,1216
794,2597
794,1030
794,3354
794,871
794,274
794,1741
794,871
794,274
795,386
795,3677
795,1639
795,3298
795,1879
795,386
795,2789
795,699
796,3150
796,2177
796,1099
796,3526
796,1033
796,982
796,2662
796,518
797,1036
797,2993
797,3522
797,2902
797,358
797,1159
797,3669
798,2096
798,1988
798,356
798,3317
798,1883
798,1150
798,356
798,3317
798,410
798,1883
798,1883
798,410
798,2079
798,1045
798,1988
798,3317
798,2096
798,356
798,1150
798,2096
798,2079
799,242
799,2858
799,2443
799,2965
799,2418
799,1128
799,3741
799,2920
799,3296
800,3122
800,926
800,2938
800,3387
801,3568
801,737
801,350
801,3578
802,1370
802,2913
802,3762
802,481
802,2677
802,1474
802,2047
802,1554
802,1424
803,1811
803,2801
803,334
803,2529
804,802
804,2328
804,301
804,297
804,365
804,2081
804,110
804,616
804,616
804,1303
804,2081
804,365
804,110
804,297
804,301
804,2328
804,802
805,3045
805,754
805,2611
805,2029
805,2544
805,336
805,3734
805,1077
805,538
805,3734
805,2544
805,2611
806,3222
806,3710
806,3222
806,3710
806,2084
806,2734
806,457
806,318
806,2734
806,457
807,2456
807,2828
807,1521
807,3418
807,3536
807,167
807,3199
807,1367
807,2893
808,847
808,1685
808,3369
808,2148
808,39
808,3294
808,2931
808,3274
808,3512
809,1333
809,2162
809,3447
809,2330
809,2431
809,1333
809,2162
809,3447
809,2330
809,2822
809,2431
809,849
809,3
809,2326
810,3607
810,2033
810,2298
810,2510
810,2411
810,2309
811,140
811,2949
811,2895
811,2595
811,246
811,2949
811,2895
811,2925
811,229
811,2949
811,2895
811,246
811,140
811,704
812,685
812,3212
812,2081
812,806
812,1370
812,155
812,1393
812,817
812,817
812,1393
812,155
812,1370
812,806
812,2081
812,1339
812,3212
812,685
813,1364
813,2638
813,3299
813,798
813,1772
813,2725
813,3299
813,798
813,1772
813,2725
813,1364
813,3299
813,798
813,1772
813,2725
813,487
813,1308
814,1503
814,287
814,33
814,484
814,2398
814,1306
814,1828
814,2699
814,1505
814,1505
814,1828
814,1306
814,33
814,287
814,1503
815,2989
815,178
815,3251
815,3560
815,2149
815,178
815,1600
815,410
815,3729
815,3327
815,2989
816,2760
816,3175
816,2076
816,3505
816,1582
816,2367
816,2501
816,2694
816,1263
816,2367
816,1582
816,3505
816,2076
816,3175
816,2760
817,3546
817,481
817,1370
817,722
817,2373
818,1124
818,1656
818,3464
818,1513
818,1096
818,2341
818,3624
818,2341
818,1513
818,1096
819,1382
819,955
819,2747
820,2652
820,1629
820,1508
820,2259
820,3516
820,67
820,655
820,1256
820,3181
821,1241
821,1052
821,2819
822,1283
822,3176
822,2494
822,389
822,3239
822,2594
822,1268
822,2950
822,1268
822,389
822,3239
822,1794
822,2594
823,2267
823,3511
823,1871
823,972
823,3753
823,2983
823,2232
823,3753
823,2983
824,3421
824,906
824,4
824,3232
824,1394
824,2968
824,3333
824,2269
824,121
825,412
825,3697
825,917
825,2606
825,2720
825,3543
825,2928
825,2547
825,758
825,758
825,2547
825,2928
825,2720
825,2606
825,917
825,3697
825,412
826,94
826,3622
826,593
826,785
826,3192
826,3622
826,3716
826,593
826,449
826,785
826,3716
826,2885
827,2406
827,3630
827,1563
827,2862
827,2904
827,3493
828,2884
828,801
828,858
829,2023
829,3223
829,3432
829,578
829,470
829,813
829,813
829,2405
830,2697
830,1804
830,2008
830,1754
830,1798
831,1964
831,3123
831,1669
831,1602
831,773
831,1300
831,462
831,1669
831,3123
831,416
832,3119
832,3569
832,266
832,3343
832,1430
832,690
832,2769
832,690
832,3343
832,1430
832,3343
832,266
832,2769
832,690
832,2898
832,3569
832,3119
832,733
833,45
833,1210
833,2508
833,665
833,665
833,1210
833,2508
833,1317
833,961
833,279
833,2332
833,3230
833,45
833,2332
833,961
834,2070
834,3040
834,3082
834,2482
834,1642
834,2283
834,2566
834,2127
834,1432
835,707
835,373
835,3354
835,2618
836,1384
836,1385
836,2113
836,2347
836,1286
836,3718
836,1384
836,1385
836,2113
836,3247
836,2347
836,1286
836,3718
836,2113
836,3247
836,2347
836,1286
836,3718
836,3530
836,2538
836,283
837,3616
837,2420
837,1542
837,2757
837,3438
837,1953
837,1666
837,271
837,271
837,1666
837,1953
837,3438
837,2757
837,1542
837,2420
837,3616
837,2039
838,2518
838,624
838,1090
838,2518
838,624
838,1090
838,3092
838,1914
838,3036
838,2875
838,3092
838,2518
838,1914
838,2574
838,2021
838,3036
838,2875
839,2645
839,2448
840,1587
840,1183
840,2989
841,2185
841,2727
841,3571
841,2755
841,458
842,299
842,252
842,2411
842,130
842,1078
842,2266
842,3750
842,3209
842,3700
842,2411
842,252
842,299
843,3594
843,1134
843,478
843,3594
843,1134
843,743
843,2807
843,2940
843,1408
843,2009
843,3371
844,264
844,479
844,3756
844,1272
844,1912
844,3143
844,405
845,3661
845,162
845,823
845,2977
845,2593
846,2424
846,1648
846,1121
846,2126
846,549
846,1364
846,1186
846,618
847,3451
847,2440
847,512
847,2715
847,1833
848,2582
848,1596
848,3284
848,1925
849,892
849,605
849,3042
849,942
849,807
849,156
849,942
849,3042
849,605
849,2178
849,1292
849,925
849,490
849,892
850,1456
850,2395
850,1170
850,3685
850,3478
850,930
850,3665
850,232
850,3665
850,1456
850,2395
850,3528
850,1170
850,3685
850,3489
850,232
851,1530
851,1477
851,2096
851,3173
851,1942
851,2393
851,557
851,3173
851,2393
851,3328
851,1530
851,2096
851,3173
851,1942
851,2393
852,3636
852,1766
852,2706
852,335
852,3636
852,3031
852,1116
852,3427
852,1766
852,1067
853,50
853,1370
853,3611
853,1433
853,2558
853,2040
854,2513
854,331
855,81
855,1336
855,88
855,236
855,1110
855,2607
855,368
856,202
856,20
856,3406
856,2472
857,2819
857,819
857,778
857,2855
857,1052
857,1148
857,1991
857,3469
857,2653
858,3520
858,3084
858,717
858,3045
858,2343
858,975
858,3009
858,3546
858,197
858,1727
859,1631
859,530
859,634
859,2681
859,833
859,2361
859,2236
859,2236
859,1693
859,2361
859,1725
859,3145
859,833
859,2681
859,634
859,530
859,1631
859,1725
859,1693
860,3007
860,400
860,734
860,3470
860,708
860,218
860,520
860,920
860,3642
860,889
861,3397
861,2787
861,3562
861,1686
861,339
861,1915
861,2065
861,2262
861,2787
861,1727
861,3397
861,339
861,1686
861,3562
861,300
862,496
862,900
862,1485
862,2436
862,2189
862,962
863,3136
863,107
863,3382
863,3198
863,1257
863,646
863,1695
863,763
863,3635
863,3429
863,3136
863,107
863,3198
864,3020
864,1425
864,3465
864,760
864,1156
864,2581
864,1523
864,1849
864,1904
864,1210
864,1210
864,1904
864,1849
864,1523
864,1156
864,1425
865,2519
865,1942
865,263
865,714
865,89
865,223
865,779
865,2812
865,89
865,1927
865,263
866,3337
866,1752
866,2482
866,1271
866,2458
867,2831
867,3184
867,31
867,1853
867,2202
867,1189
867,3467
867,1940
867,166
867,346
868,2759
868,2073
868,3215
868,2381
869,398
869,2358
869,955
869,1219
869,103
870,2674
870,843
870,1178
870,162
870,2043
870,79
870,615
870,1030
870,79
870,615
870,2043
870,79
870,1030
870,2043
870,1030
871,669
871,201
871,1723
871,1081
871,2729
871,2065
871,2014
871,815
871,1260
871,1010
871,1010
871,2065
871,1260
871,1081
871,201
871,669
871,2014
871,1723
872,1976
872,21
872,108
872,2880
872,1352
872,2200
872,3187
872,1310
872,2799
872,3534
873,2842
873,3632
873,515
873,3540
873,2986
873,208
873,2945
873,2373
873,1275
873,1740
873,1740
873,515
874,57
874,2722
874,154
874,2480
874,1887
874,3091
874,3556
874,1684
875,3674
875,981
875,923
876,931
876,1891
876,3450
876,971
876,1490
876,201
876,2405
876,1671
876,164
876,1607
877,3436
877,1309
877,3141
877,1651
877,1147
877,1382
877,8
877,3445
877,2197
877,2526
877,2526
877,8
877,1382
877,3436
878,3067
878,2235
878,1285
878,1092
878,2927
878,1802
878,1091
878,3303
878,1035
878,2941
